com_id,com_name,inves_round,invse_year,invse_month,invse_day,invse_detail_money,current,com_city,com_prov,scope,com_url,com_born_month,com_born_year,com_des,invst_firms
100,物流QQ货车帮,A+轮,2016,4,18,3500,美元,贵阳,贵州,电子商务,http://www.56qq.cn,1,2011,物流QQ货车帮是一个互联网货车车库，每天实时发布最有效最真实的车辆信息，提供货运信息交易服务。成都运力科技有限公司旗下产品。,"腾讯 , 高瓴资本Hillhouse Capital , 元生资本 , 钟鼎创投 , DCM中国 , "
10015,Q房网,A轮,2015,11,12,--,人民币,深圳,广东,房产服务,http://www.qfang.com,2,2012,Q房网是一个综合房地产信息服务网，提供新房、二手房、租房等房源信息及经纪人对接业务，为客户提供优质购房体验，深圳市开心房网网络科技有限公司旗下网站（世华地产子公司）。,"前海互兴资产管理 , "
10093,墨鹍科技(全民无双),A轮,2016,2,4,43000,人民币,浦东新区,上海,游戏,http://weibo.com/u/3613836810,5,2013,上海墨鹍数码科技是一家手机游戏开发商，主打产品为三国题材动作手游《全民无双》。,"顺荣三七互娱 , "
101,云知声,B轮,2016,1,18,--,人民币,朝阳区,北京,硬件,http://www.unisound.com/,6,2012,云知声，是一家专注人工智能服务，拥有世界顶尖智能语音识别技术和完全自主知识产权的物联网公司。云知声利用机器学习平台，在语音技术、语言技术、知识计算、大数据分析等领域构建了完整的人工智能技术图谱，同时云,"Qualcomm Ventures , 磐谷创投 , 启明创投 , "
10126,唐人影视,A轮,2014,6,0,20000,人民币,徐汇区,上海,文化娱乐,http://www.tangrenmedia.com,1,1998,唐人影视是一家影视投资、影视制作、影视发行等公司，作品有《步步惊心》、《仙剑奇侠传》等。,"华数传媒 , 浙报传媒(东方星空) , "
10149,广州仙海网络,战略投资,2014,5,5,23000,人民币,广州,广东,游戏,http://www.521g.cn,4,2005,广州仙海网络科技是一家网络游戏开发商，产品覆盖客户端、页游、手游等，产品有《烈火战神》、《战将风云》、《战千雄》、《武易》等。,"光线传媒 , "
10160,WiFi万能钥匙,B轮,2016,12,1,--,美元,浦东新区,上海,工具软件,http://www.lianwifi.com/,1,2012,WiFi万能钥匙是一个WiFi 热点分享工具，用户可以上传自己知道的热点密码，也可以下载别人上传的热点密码，从而直接接入。上海连尚网络科技有限公司（隶属于掌门科技）旗下产品。,"北极光创投 , 猎豹移动 , 海通开元 , "
10216,卡行天下,C轮,2015,9,7,--,人民币,浦东新区,上海,电子商务,http://www.kxtx.cn,5,2010,卡行天下是一家专业的物流供应链管理服务商，旗下有卡行智能管理平台，提供物流网络交易平台。,"钜派投资 , 钟鼎创投 , 景林投资 , 普洛斯GLP , 菜鸟网络(阿里巴巴) , 远东宏信远翼投资 , 光信资本 , "
10292,斗鱼TV(斗鱼直播),C轮,2016,8,15,150000,人民币,武汉,湖北,游戏,http://www.douyutv.com/,1,2014,斗鱼TV（斗鱼直播）是一家游戏直播平台和弹幕式直播分享网站，前身为生放送直播。目前以游戏直播为主，涵盖了体育、综艺、娱乐等多种直播内容。武汉斗鱼网络科技有限公司旗下产品。,"凤凰资本 , 腾讯 , 南山资本 , 红杉资本中国 , "
10293,ImbaTV英雄传媒,C轮,2016,2,25,--,人民币,闸北区,上海,游戏,http://www.imbatv.cn/,5,2014,ImbaTV是一个新成立的游戏直播服务平台，目前主打以 DOTA2 为中心的原创性内容供应服务，由游戏风云知名解说海涛、BBC以及赛事总监117沈伟荣联合创办。上海映霸文化传播有限公司旗下产品（英雄传,"创新工场 , 普思资本 , 英雄互娱 , 毅达资本 , 红杉资本中国 , "
10335,昆仑决,B轮,2016,3,16,3000,美元,朝阳区,北京,体育运动,http://baike.baidu.com/view/10946330.htm,1,2014,昆仑决（Kunlun Fight）全称昆仑决世界极限格斗系列赛，旨在打造一个世界级的职业搏击平台，构建赛事、明星、武术馆校、旅游以及游戏等各种衍生产品的全产业链商业模式，自2014年起在青海卫视播出。,"北极光创投 , 中搜网络-中搜创投 , IDG资本 , 动域资本 , 虎扑 , 洪泰基金 , 晨兴资本 , "
10438,蘑菇租房(蘑菇公寓),B轮,2015,11,4,3000,美元,静安区,上海,房产服务,http://mogoroom.com,1,2014,蘑菇租房（前身是蘑菇公寓）是一家主打单身白领合租公寓O2O服务平台，室内统一配置品牌家电家具、接入高速WIFI，专职管家定期保洁。同时，蘑菇公寓通过线上线下活动建立趣味蘑菇圈，让远在异乡的都市男女相遇,"中国平安(平安创新投) , IDG资本 , KTB投资集团 , 海通开元 , "
10488,好屋中国,B轮,2015,12,24,70000,人民币,宝山区,上海,房产服务,http://www.haowu.cn,3,2012,好屋中国是一家房产全民众销平台，提供房产市场渠道营销服务和房产经纪人推荐、对接服务等，上海好屋网信息技术有限公司旗下网站。,"明牌珠宝 , 软银中国 , "
10514,百融金服,B+轮,2016,6,15,--,人民币,石景山区,北京,金融,http://www.100credit.cn/,3,2014,百融金服是一家提供大数据金融信息服务的公司，为金融相关行业公司提供获客引流、精准营销、客群分析、风控管理、反欺诈、贷前信审、贷后管理等服务，提升金融行业整体运营管理水平。,"中金前海发展基金 , "
10553,亿航智能,B轮,2015,8,24,4200,美元,广州,广东,硬件,http://www.ehang.com,4,2014,亿航是一家全球领先的智能飞行器科技公司，总部位于广州，在美国加州、德国杜塞尔多夫、中国北京、上海设有分公司。以“让人类像鸟儿一样自由飞翔”为愿景，亿航打造了全球最容易操控的智能无人机GHOSTDRON,"乐搏资本 , 真格基金 , 纪源资本GGV , 金浦集团 , PreAngel , 东方富海 , "
10601,河狸家美甲,C轮,2015,2,18,5000,美元,朝阳区,北京,本地生活,http://www.helijia.com,3,2014,河狸家是一个美甲师预约和上门服务移动APP，2015年扩充至美业综合O2O服务平台，北京河狸家信息技术有限公司旗下。,"IDG资本 , 麦星投资 , 宽带资本CBC , 光信资本 , 启明创投 , "
10602,蜜芽宝贝,E轮,2016,10,28,--,人民币,朝阳区,北京,电子商务,http://www.miyabaobei.com,10,2011,蜜芽宝贝是一家进口母婴品牌商品限时折扣特卖网站，每天在网站推荐热门的进口母婴品牌，以远低于市场价的折扣力度，在72小时内限量出售。北京花旺在线商贸有限公司旗下网站。,"百度公司 , 真格基金 , 险峰长青(险峰华兴) , H Capital , 红杉资本中国 , "
1062,WiTown树熊网络,B轮,2016,6,12,20000,人民币,杭州,浙江,企业服务,http://www.witown.cn/,9,2012,WiTown是一个智能Wi-Fi营销系统，它由硬件+软件构成，一方面是企业级路由器，另一方面则为提供客户营销服务，杭州树熊网络有限公司旗下。,"阿里巴巴 , 盈动资本 , 联建光电 , "
10641,摩登天空ModernSKY,D轮,2015,12,16,13000,人民币,朝阳区,北京,文化娱乐,http://www.modernsky.com,12,1997,摩登天空ModernSKY是一家新音乐独立唱片公司，业务涵盖音乐出版、艺人经纪、现场音乐三大版块，包括草莓音乐节、ZOO电子音乐节等。,"天堂硅谷 , 中国文化产业投资基金 , 复娱文化(复星集团) , "
107,出门问问,C轮,2015,10,20,--,美元,浦东新区,上海,移动互联网,http://chumenwenwen.com,2,2013,出门问问是一款为出门在外的人量身打造的信息查询语音应用，同时拥有微信公众账号及安卓APP。,"SIG海纳亚洲 , Google谷歌 , 真格基金 , 红杉资本中国 , "
10722,易商,B轮,2014,5,0,65000,美元,松江区,上海,电子商务,http://www.e-shang.com.cn/,7,2011,易商是一家为电子商务及零售业提供仓储物流服务的公司，为企业客户提供物流及办公设施的开发、运营和管理服务，隶属于上海益商仓储服务有限公司。,"荷兰汇盈资产管理公司 , 华平投资WI Harper Group , "
10782,贝贝网,D轮,2016,6,16,10000,美元,杭州,浙江,电子商务,http://www.beibei.com,5,2014,贝贝网是一家母婴特卖网站，以品牌正品、独家折扣、限时抢购为特色，每天以1-7折超低折扣对童装、童鞋、儿童玩具、用品等进行限时特卖，十点准时开抢，抢完即止。杭州贝购科技有限公司（米折网）旗下。,"北极光创投 , 新天域资本 , 高榕资本 , IDG资本 , 今日资本 , "
10784,爱游戏,A轮,2014,6,0,30000,人民币,南京,江苏,游戏,http://play.cn/,8,2010,爱游戏是一个轻游戏互动娱乐平台，为过亿用户提供基于手机、TV、PC、专用游戏机的融合性游戏业务，隶属于炫彩互动网络科技有限公司（中国电信游戏基地）。,"中国文化产业投资基金 , 顺网科技 , "
10886,DJI大疆科技-大疆无人机,C轮,2015,5,6,7500,美元,深圳,广东,硬件,http://www.dji.com,11,2006,深圳市大疆创新科技DJI是一家专注于飞行器及飞行影像系统的技术公司，主流产品线包括：Ace One 系列工业无人直升机飞行控制系统及地面站控制系统、WooKong-M 系列、禅思系列、筋斗云系列、Ph,"Accel Partners , 远瞻资本 , 麦星投资 , 红杉资本中国 , "
10910,爱鲜蜂网,D轮,2016,11,4,--,美元,东城区,北京,本地生活,http://www.beequick.cn/,5,2014,爱鲜蜂是一家基于移动终端定位的生鲜加强版社区电商平台，致力于打造以共享经济为基础的1小时速达掌上便利店，专注于社区最后一公里配送，主打一小时闪电送达。,"高瓴资本Hillhouse Capital , 中信资本 , 钟鼎创投 , Crystal Stream清流资本 , 美团(新美大) , 天图资本 , 红杉资本中国 , "
10946,趣分期(趣店集团),战略投资,2016,10,25,37500,人民币,海淀区,北京,金融,http://www.qufenqi.com,3,2014,趣分期(趣店集团)是一个面向大学生的分期付款购物+P2P理财平台，为全国各地大学生提供趣分期消费服务，隶属于北京快乐时代科技发展有限公司。,"梅花天使创投 , 蓝驰创投 , 国盛金控(华声股份) , 联络互动 , 凤凰祥瑞 , 蚂蚁金服(阿里巴巴) , 昆仑万维 , 源码资本 , "
10954,真旅网,C轮,2016,3,22,60000,人民币,普陀区,上海,旅游,http://www.travelzen.com,2,2007,真旅网是一家旅游OTA服务商，提供机票、酒店、线路等预订服务，隶属于上海长寿旅行社有限公司。,"联创永宣 , 凯旋创投 , 毅达资本 , "
10999,二十一世纪传媒,A轮,2014,6,0,50000,人民币,广州,广东,文化娱乐,http://www.the21media.com/,9,2010,二十一世纪传媒/21世纪是一家财经媒体，由广东二十一世纪出版有限公司于2010年9月整体改制而来，控股股东为广东南方报业传媒集团有限公司。目前旗下拥有报纸(21世纪经济报道、理财周报)、杂志(21世纪,"阿里巴巴 , "
110,梆梆安全Bangcle,D轮,2016,9,21,50000,人民币,海淀区,北京,企业服务,http://www.bangcle.com,10,2010,梆梆Bangcle是一家面向企业和开发者的移动应用安全服务提供商，目前主打应用保护、渠道监测等服务，对App进行加固保护，杜绝恶意篡改、注入代码、窃取创意、内存修改等危胁。北京洋浦伟业科技发展有限公司,"SIG海纳亚洲 , IDG资本 , Redpoint Ventures红点全球基金 , "
11060,新丽传媒,B轮,2013,10,15,82900,人民币,朝阳区,北京,文化娱乐,http://www.ncmchina.com,2,2007,新丽传媒成立于2007年，致力于电视剧、电影、网络剧制作以及全球节目发行、娱乐营销和艺人经纪等领域，产品有《搜索》、《101次求婚》、《辣妈正传》等影视作品。,"腾讯 , 万达院线(万达影视) , 联想之星 , 光线传媒 , "
11157,卷皮网,C轮,2016,4,13,60000,人民币,武汉,湖北,电子商务,http://www.juanpi.com,9,2012,卷皮网是一家提供生活所需品的平价电子商务平台，专注于为消费者提供服饰、居家、母婴等泛生活平价优质商品，创新“平价零售”模式，致力于成为平价消费的行业领导者。,"赛富基金 , 联创永宣 , 纽信创投 , 长江产业基金 , 浙江金控资本 , 汉理资本 , 天图资本 , "
11224,牛股王-淘金者科技,C轮,2015,9,1,--,美元,朝阳区,北京,金融,http://www.niuguwang.com,2,2014,牛股王是一个新上线的手机炒股软件，致力于帮助用户获得交易机会，搭建跟牛股、找牛人、智能盯盘，高手云集的人气炒股社区，北京淘金者科技有限公司旗下产品。,"中关村兴业投资 , 君联资本 , 曦域资本 , 险峰长青(险峰华兴) , 华晟资本-华兴资本 , 红杉资本中国 , "
11252,一起装修网,A轮,2015,12,16,20000,人民币,朝阳区,北京,房产服务,http://17house.com,11,2009,一起装修网是一家涵盖装修、建材、家具、家电等家居领域的电子商务平台，为业主提供一站式家居装修服务，隶属于北京神州一起网络科技有限公司。,"创湃资本 , "
11321,心医国际,战略投资,2016,11,14,6000,人民币,海淀区,北京,医疗健康,http://www.cinyi.com,6,2014,心医网是一个基于移动互联网的医疗信息服务提供商及远程医疗集成运营商，并致力于开创全流程的在线医疗体验，带来全新的O2O概念。心医国际健康科技（北京）有限公司旗下产品。,"中以基金 , 世铭投资 , "
11382,魔方公寓,C轮,2016,4,12,30000,美元,浦东新区,上海,房产服务,http://www.52mf.cn,1,2010,魔方公寓是一家面向都市白领的O2O服务式公寓连锁服务品牌，目前业务覆盖北京、上海、广州、深圳、南京、武汉等全国大中型城市，经营规模位居行业前列。,"德同资本 , 华平投资WI Harper Group , "
11503,华大基因,D轮,2015,6,29,200000,人民币,深圳,广东,医疗健康,http://www.bgidiagnosis.cn,7,2010,华大医学是一家全球多组学精准检测、医疗数据运营服务提供商，通过医学检测及服务，以期大幅降低出生缺陷和提高肿瘤等重大疾病的诊疗效果。华大基因集团旗下公司。,"复思资本 , 同创伟业 , 舜优投资 , 松禾资本 , 拉芳投资 , 泰康资产 , 深创投 , 景林投资 , 中信金石投资 , 软银中国 , "
1155,点融网,C轮,2015,8,20,20700,美元,黄浦区,上海,金融,http://www.dianrong.com,3,2013,点融网是一家P2P网络借贷和金融服务网站，上海点荣金融信息服务有限责任公司旗下。,"上海致景投资 , 北极光创投 , Tiger老虎基金(中国) , 渣打银行 , 新鸿基 , 线性资本LinearVenture , "
11553,ANE安能物流,D轮,2015,6,29,12000,美元,长宁区,上海,电子商务,http://www.ane56.com,8,2010,ANE安能物流是一家快递物流公司，通过整合传统物流专线、零担快运网络和信息技术平台，致力于打造中国最大的零担快运加盟网络。,"凯雷亚洲基金 , 华平投资WI Harper Group , 红杉资本中国 , "
11566,米粒影业Mili Pictures,C轮,2016,5,20,--,人民币,苏州,江苏,文化娱乐,http://www.milipictures.com,5,2012,苏州米粒影业（Mili Pictures）是一家家庭娱乐和影视服务商，致力于电影、动漫的策划、制作、投资、运营、管理、引进、发行、授权、衍生产品开发及销售的国际化专业公司。作品有《龙之谷》等。,"常春藤资本Ivy Capital , 深创投 , 太冠资本 , 58同城 , "
11604,四川商通和信通,A轮,2015,12,29,10000,人民币,成都,四川,金融,http://www.hexinpass.com/,8,2006,和信通是西部地区最大的第三方支付品牌，目前在成都拥有超百万用户以及上万家优质联盟商户门店，自投POS终端超过一万七千台，并可支持多种支付方式。四川商通实业有限公司旗下产品。,"广发信德-广发证券 , "
11646,人人车,D轮,2016,9,5,15000,美元,海淀区,北京,汽车交通,http://www.renrenche.com,7,2014,人人车是一家二手车交易服务平台，主打个人二手车、无差价交易服务。北京善义善美科技有限公司旗下网站。,"顺为基金 , 腾讯 , 联创策源 , 新浚资本 , 普思资本 , 汉富控股 , Redpoint Ventures红点全球基金 , "
11782,虎扑体育网,D轮,2015,1,20,24000,人民币,虹口区,上海,文化娱乐,http://www.hupu.com,1,2004,虎扑体育网是一家体育资讯、社区、O2O服务网站，提供体育营销策划、赛事营销与管理、活动管理等，此外业务还扩展至线下赛事、电子商务、游戏联运等，隶属于虎扑（上海）文化传播有限公司。,"德晖资本 , 景林投资 , 晨兴资本 , 海通开元 , "
11783,跟谁学,A轮,2015,3,30,5000,美元,海淀区,北京,教育,http://genshuixue.com/,6,2014,跟谁学是一家在线教育和课程学习平台，主打“万千名师，一搜即得”，从名师出发为用户提供各类课程在线学习服务，隶属于北京百家互联科技有限公司。,"启赋资本 , 高榕资本 , "
11927,礼物说,B轮,2015,4,2,3000,美元,海淀区,北京,电子商务,http://www.liwushuo.com,9,2014,礼物说是一家礼物领域的垂直电子商务公司，旗下产品礼物说是一款礼物攻略和导购应用，提供礼物商店、扫描礼物商品条形码及录音等，隶属于北京礼物说科技有限公司。,"英诺天使基金 , 和玉基金 , 红杉资本中国 , "
12,TalkingData腾云天下,C轮,2016,1,25,10000,美元,东城区,北京,企业服务,http://www.talkingdata.net,9,2011,TalkingData专注于移动互联网综合数据服务，服务内容从基本的数据统计，到深入的数据分析、挖掘等。,"北极光创投 , 华诺创投 , 五岳天下资本 , 麦顿投资 , 软银中国 , "
12009,嘀嘀虎(广联赛讯),A轮,2016,6,1,15000,人民币,深圳,广东,汽车交通,http://www.didihu.com.cn,1,2009,嘀嘀虎是一个车联网服务品牌，为车主提供基于“生活、社交、行车、娱乐”的智能车生活服务，通过嘀嘀虎TSP（车载智能硬件）服务、嘀嘀虎按天保的O2O 业务（UBI车险、创新及场景化保险）、汽车金融服务（金,
1213,大搜车,C轮,2016,11,16,10000,美元,杭州,浙江,汽车交通,http://souche.com,11,2012,大搜车是一个专业的O2O模式二手车交易服务提供商，此前主打线上信息、线下门店撮合，而后发展为与4S店合作，先后推出了车牛、大风车等产品，杭州大搜车汽车服务有限公司旗下产品。,"蚂蚁金服(阿里巴巴) , 神州租车 , 晨兴资本 , 源渡创投 , 红杉资本中国 , "
12137,魅族,B轮,2016,10,21,20000,人民币,深圳,广东,硬件,http://www.meizu.com,1,2003,魅族是一家消费电子和智能手机厂商，致力于制造设计优雅、简单易用的智能手机，主打产品为MX系列手机。,"阿里巴巴 , 海通开元 , "
12143,荣昌e袋洗,B+轮,2016,11,28,--,人民币,朝阳区,北京,本地生活,http://edaixi.com/,11,2013,荣昌e袋洗是一家基于微信平台开发的O2O洗衣服务产品，顾客将待洗衣物装进指定洗衣袋里、预约上门取件时间，工作人员将上门取件，并于72小时内送回。北京荣昌科技服务有限责任公司旗下新服务品牌。,"SIG海纳亚洲 , 经纬中国 , 润都资本 , 百度公司 , 腾讯 , "
1215,快牙,B轮,2014,6,0,2000,美元,海淀区,北京,移动互联网,http://www.kuaiya.cn,1,2012,快牙是一个手机传输工具，移动终端间发现和分享数字内容的服务平台，致力于为智能手机用户提供高速海量数据的分享服务。隶属于邻动网络科技（北京）有限公司。,"北极光创投 , 创新工场 , IDG资本 , 极客帮创投 , 启迪创投 , 源渡创投 , "
122,DeepGlint格灵深瞳,A轮,2014,6,None,--,美元,海淀区,北京,企业服务,http://www.deepglint.com,3,2013,格灵深瞳是一家专注于计算机视觉以及人工智能的科技公司。我们致力于让计算机像人一样主动获取视觉信息并进行精确的实时分析，释放人工智能最大的潜能为人服务。现阶段聚焦于将全球领先的人工智能及模式识别技术应用,"真格基金 , 联创策源 , 红杉资本中国 , "
12200,凹凸租车,B+轮,2016,7,3,10000,人民币,徐汇区,上海,汽车交通,http://www.atzuche.com,1,2014,凹凸租车(atzuche)是一家P2P共享租车服务品牌，率先将“车共享”理念带入中国。通过平台，车主安心将自己的闲置车辆通过平台租给他人使用；租客能够使用车况更好的车辆。上海新共赢信息科技有限公司旗下,"经纬中国 , 彬复资本 , 真格基金 , 联创策源 , 常春藤资本Ivy Capital , 赫斯特Hearst Ventures , 太平洋保险 , 熊猫资本 , "
12206,抱财网,B轮,2015,9,23,3000,人民币,海淀区,北京,金融,http://www.baocai.com,9,2013,抱财网是一家P2P借贷模式的互联网金融公司，为平台投资人及借款人提供透明便捷的一站式服务。北京中联创投电子商务有限公司 旗下网站。,
12330,微金所,B轮,2016,8,10,5000,人民币,朝阳区,北京,金融,http://www.weijinsuo.com,11,2013,微金所是一家P2P借贷服务网站和互联网金融信息服务提供商，中微（北京）信用管理有限公司旗下网站。,"海航资本 , "
12355,Razer雷蛇,战略投资,2016,2,24,7500,美元,深圳,广东,硬件,http://cn.razerzone.com,1,1998,Razer雷蛇是一家游戏软硬件公司，提供游戏键盘、鼠标、音频等服务。,"联络互动 , IDG资本 , 英特尔投资Intel Capital , "
1252,三只松鼠,D轮,2015,9,16,30000,人民币,芜湖,安徽,电子商务,http://3songshu.com,2,2012,三只松鼠是一个纯互联网食品品牌，以坚果、干果、茶叶等森林食品的研发、分装及网络自有B2C品牌销售的现代化新型企业。安徽三只松鼠电子商务有限公司旗下产品。,"IDG资本 , FreesFund峰瑞资本 , 今日资本 , "
12537,短融网,B轮,2016,1,11,39000,人民币,朝阳区,北京,金融,http://www.duanrong.com,5,2014,短融网是一个主打短期借款的融资服务平台，为有优质资产和信用的客户提供低成本的短期融资解决方案，并把这些优质资产通过增信后以类资产证券化的方式提供给理财人。久亿财富（北京）投资有限公司旗下网站。,"启赋资本 , 辅仁集团 , "
12869,夸客金融,B轮,2015,7,27,20000,人民币,嘉定区,上海,金融,http://www.quarkfinance.com/,4,2014,夸客金融是一个为个人提供金融服务及P2P借贷的网站，产品有车易贷、薪易贷、商易贷等。上海夸客金融信息服务有限公司旗下产品。,"戈壁投资 , "
12870,爱奇艺,B轮,2014,11,19,30000,美元,海淀区,北京,文化娱乐,http://www.iqiyi.com,4,2010,爱奇艺是一个网络视频综合服务商，全面覆盖电视端、PC端、手机端、PAD端，此前叫奇艺。北京爱奇艺科技有限公司旗下产品。,"顺为基金 , 百度公司 , 小米科技 , "
12911,好大夫在线,C轮,2015,6,12,6000,美元,通州区,北京,医疗健康,http://www.haodf.com,10,2006,好大夫在线是一家综合的医疗健康服务网站，提供医疗信息查询、咨询、转诊、分享等各类服务，隶属于互动峰科技（北京）有限公司。,"联创策源 , 挚信资本 , 雷军-顺为创业 , 崇德投资 , DCM中国 , "
12919,典典养车,D轮,2016,5,27,--,美元,杭州,浙江,汽车交通,http://www.xiaokakeji.com/,2,2014,典典养车（此前叫养车点点）是一个汽车后市场的移动O2O服务平台，包括商户版、车主版，提供洗车、保养、在线专家提问等各类汽车对接服务，杭州小卡科技有限公司旗下产品。,"纪源资本GGV , 天使投资人王刚 , 和玉基金 , 金沙江创投 , "
12935,趣医院-趣医网络,B+轮,2016,8,25,21600,人民币,闵行区,上海,医疗健康,http://www.quyiyuan.com/,1,2013,趣医院（此前叫去医院）是一个移动互联网上的就医咨询与服务平台，支持预约挂号、排班查询、报告查询、手机支付、叫号查询、医院导航等功能，上海趣医网络科技有限公司旗下产品（京颐科技子公司）。,"百度公司 , 软银中国 , 弘晖资本 , "
12957,FarmLink链农,B轮,2015,6,17,3000,美元,朝阳区,北京,本地生活,http://www.farmlink.cn/,8,2014,链农（FarmLink）是一家餐馆供应商，为餐饮行业提供高性价比的一站式食材采购服务。北京链农互动科技有限公司旗下网站。,"大众点评网 , 险峰长青(险峰华兴) , 红杉资本中国 , "
130,易到用车,D轮,2014,9,13,--,美元,丰台区,北京,汽车交通,http://www.yongche.com,5,2010,易到用车是一家智能交通和汽车租赁服务商。北京东方车云信息技术有限公司旗下产品。,"携程 , 真格基金 , 创新工场 , Qualcomm Ventures , 宽带资本CBC , GIC新加坡政府投资公司 , DCM中国 , 晨兴资本 , "
13023,达令,C轮,2016,8,22,30000,人民币,朝阳区,北京,电子商务,http://www.daling.com,1,2014,达令（此前叫：达令礼物店）是一个全球潮货移动电商品牌，主打海外精选创意时尚生活商品，北京普缇客科技有限公司旗下产品。此前曾主打礼品服务。,"IDG资本 , 今日资本 , 红杉资本中国 , "
13068,安徽华米科技,B轮,2014,12,4,3500,美元,合肥,安徽,硬件,http://www.ahhuami.com,1,2014,安徽华米科技是一家专注于可穿戴设备的技术公司，由小米公司和合肥华恒电子联合成立。,"顺为基金 , 高榕资本 , 小米科技 , 晨兴资本 , 红杉资本中国 , "
13078,分期乐(乐信集团),D轮,2016,6,15,23500,美元,深圳,广东,金融,http://www.fenqile.com,3,2014,分期乐(2016年10月品牌升级为乐信集团)是一家专注于大学生分期购物的在线商城及金融服务提供商，提供分期贷款和还款服务，深圳市分期乐网络科技有限公司旗下网站。,"经纬中国 , 华兴资本 , 共建创投 , 贝塔斯曼亚洲投资基金 , 京东 , 险峰长青(险峰华兴) , 华晟资本-华兴资本 , DST , "
132,随身云,B轮,2014,11,13,2500,美元,朝阳区,北京,工具软件,http://www.ssyun.cn/,1,2012,随身云/随身移动是一家移动互联网开发商，专注时间管理及手机基础软件的研发。旗下产品包括中华万年历、微历、天气日历、万年历等手机应用。,"顺为基金 , DCM中国 , "
13287,好车无忧,B轮,2015,11,11,5000,美元,昌平区,北京,汽车交通,http://www.haoche51.com,5,2014,好车无忧是一家主打个人车源的二手车交易服务平台，通过专业检测完全杜绝事故车/水泡车、为每辆车提供全面评估报告，支持会购买后的质保服务等。北京人人爱车信息技术有限公司旗下产品。,"梅花天使创投 , 经纬中国 , 成为资本 , 凤凰祥瑞 , 明势资本 , 玖富 , 源码资本 , "
1340,土巴兔装修网,C轮,2015,3,9,20000,美元,深圳,广东,房产服务,http://www.tubatu.com,11,2008,土巴兔装修网是一个一站式装修服务平台，装修业主通过土巴兔可以找到合适的装修公司并获得免费的验房、装修报价、设计方案和监理上门服务，且仅当业主对装修效果满意时才需要在一个月后支付20%的工程尾款，深圳市,"None , 经纬中国 , 58同城 , 红杉资本中国 , "
13684,乐视影业,C轮,2017,1,13,105000,人民币,朝阳区,北京,文化娱乐,http://www.levpicture.com/,1,2011,乐视影业隶属于乐视控股集团，公司定位为“互联网时代的电影公司”，在出品/发行优秀影片的同时，旨在互联网2.0时代背景下建立“一定三导”和“五屏联动”的O2O电影市场系统，为观众提供从线上到线下全方位的,"融创中国 , 深创投 , 恒泰资本CHT Capital , "
13731,杏仁医生,B轮,2015,7,14,20000,人民币,徐汇区,上海,医疗健康,http://xingren.com,9,2014,杏仁医生是医患沟通管理工具，打造医生与患者的在线交流协作平台。首创“整合微信服务号链接医生端APP”的便捷沟通模式，患者在诊室扫描医生杏仁号二维码与医生建立关系。通过图文、电话咨询方式获得咨询服务，其,"光速中国 , 方源资本 , 红杉资本中国 , "
13789,界面,B轮,2016,7,2,30000,人民币,徐汇区,上海,文化娱乐,http://www.jiemian.com/,9,2014,界面网络是上海报业旗下新成立的商业财经媒体网站，希望服务于独立思考的人群，并且为这群人在优质新闻体验之外提供社交、投资及职场服务。界面（上海）网络科技有限公司旗下网站。,"昆仑信托 , 奇虎360 , 小米科技 , 弘毅投资 , 国泰君安 , 蓝色光标 , 海通开元 , "
13846,APUS麒麟合盛,B轮,2015,1,16,10000,美元,大兴区,北京,工具软件,http://www.apusapps.com/,6,2014,"""APUS致力于为全球的智能手机用户提供最好的手机使用体验和移动互联网接入体验。APUS的目标除了为全球手机用户提供最好的移动互联网体验，同时希望帮助中国的移动互联网产品和服务走出国门，拓展全球市场，","Susquehanna Growth Equity（SIG） , 北极光创投 , 成为资本 , 光源资本 , Redpoint Ventures红点全球基金 , 启明创投 , "
13866,ZZKKO找库科技,A轮,2014,9,0,--,人民币,深圳,广东,电子商务,http://zzkko.com,5,2013,ZZKKO是一个主打跨境电商的、移动社交购物与导购平台，目前专注时尚服饰类产品的社交化运营。深圳市找库科技有限公司旗下产品。,"厦门坚果资本 , "
13923,罗计物流,B轮,2015,5,2,12600,美元,朝阳区,北京,电子商务,http://www.loji.com,4,2014,罗计物流（原骡迹物流）是一个面向货运行业的服务对接平台，目前开发的移动信息平台应用包括线上资源整合管理系统、项目管理、O2O信息平台等。隶属于北京运科网络科技有限公司。,"真格基金 , IDG资本 , "
1393,人人贷,A轮,2014,1,5,13000,美元,西城区,北京,金融,http://www.renrendai.com,5,2010,人人贷是一个基于互联网的P2P信用借贷服务平台，是北京人人友信投资有限公司旗下全资子公司及品牌。,"腾讯 , 挚信资本 , 东方弘道(弘合基金) , "
13967,微医贝联,战略投资,2016,10,27,--,人民币,宝山区,上海,医疗健康,http://www.bblink.cn/,1,2014,贝联科技BBLINK是一家母婴健康服务公司，通过在妇幼医院中铺设wifi，为孕产妇提供挂号、排队等待系统、在线咨询等产品和服务，打造一个基于医院、医生和母婴人员三位一体的移动互联网母婴大健康数据平台公,"唯品会 , 景林投资 , "
14002,嘀嗒拼车,B轮,2015,5,6,10000,美元,朝阳区,北京,汽车交通,http://www.didapinche.com/,8,2014,嘀嗒拼车是一家社会化的手机拼车应用，自动找寻与你顺路的私家车或者乘客，并即时推送给你，不用费力寻找。北京畅行信息技术有限公司旗下产品。,"挚信资本 , IDG资本 , 易车网 , 崇德投资 , "
14022,探探APP,C轮,2016,5,17,3200,美元,朝阳区,北京,社交网络,http://tantanapp.cn,9,2014,探探是一款基于 LBS 的陌生人社交应用，使用者可以在探探上通过左右滑动认识附近的人，左滑再见，右滑喜欢。探探可以发送文字消息、语音、照片等，目标定位于于 80、90 后的移动社交。,"光亮资本 , KPCB凯鹏华盈中国 , 贝塔斯曼亚洲投资基金 , 黑桃资本 , LB投资(LB Investment) , DST , 光信资本 , 元璟资本 , DCM中国 , "
14078,医联Medlinker,B轮,2015,9,7,4000,美元,成都,四川,医疗健康,http://www.medlinker.net,6,2014,医联Medlinker是一个专注于面向医生群体的移动社交应用，提供医学问答、图说病例、医生圈互动服务等，隶属于成都医云科技有限公司。,"腾讯 , 联创策源 , PreAngel , 云锋基金 , 红杉资本中国 , "
1413,聚合数据平台,C轮,2016,12,9,36000,人民币,苏州,江苏,企业服务,http://www.juhe.cn,10,2011,聚合数据平台是一个云端数据服务平台，为移动开发者提供各类原始数据API，如LBS数据、wifi热点、加油站API等，苏州新科兰德科技有限公司旗下。,"东合资本 , 中国文化产业投资基金 , 京东 , 太浩创投 , 极客帮创投 , "
14177,5miles第三石科技,B+轮,2016,1,26,3000,美元,海淀区,北京,电子商务,http://5milesapp.com,10,2014,5miles是一个面向海外市场的C2C移动电商平台，用户可以通过手机在线开店、买卖宝贝等，隶属于北京第三石科技发展有限公司。,"SIG海纳亚洲 , IDG资本 , 元璟资本 , 蓝湖资本 , 晨兴资本 , "
14214,优分期,B轮,2015,6,3,--,人民币,海淀区,北京,金融,http://ufenqi.com,4,2014,优分期是一家为在校大学生提供分期付款购物服务的在线商城。北京和创未来网络科技有限公司旗下产品。,"真格基金 , "
14236,Keep,C轮,2016,8,16,--,美元,东城区,北京,体育运动,http://www.gotokeep.com,10,2014,Keep是一款具有社交属性的移动健身工具类产品。用户可利用碎片化的时间，随时随地选择适合自己的视频健身课程，进行真人同步训练。同时还可以在社区中找到志同道合的小伙伴一同记录自己的健身时光。,"腾讯 , Ventech China , 贝塔斯曼亚洲投资基金 , 纪源资本GGV , 晨兴资本 , BWVC泽厚资本 , "
14345,宅急送,A轮,2014,10,0,50000,人民币,朝阳区,北京,电子商务,http://www.zjs.com.cn,1,1994,宅急送是一家直营快递物流服务提供商，业务支持国内快递及国际快递，隶属于北京宅急送快运股份有限公司。,"海通开元 , 复星集团 , "
14348,花印商城,B轮,2016,7,6,10000,人民币,西城区,北京,电子商务,http://www.huayinjapan.com,10,2013,花印商城是一家新成立的护肤品品牌，面向90后年轻人群、通过O2O模式提供化妆品和护肤品服务，北京龙和隆盛化妆品有限公司旗下网站。,"棋兆资本(棋兆投资) , 天图资本 , "
14418,闪电购,C轮,2016,8,9,26700,人民币,杭州,浙江,电子商务,http://www.shandiangou.com,9,2014,闪电购是一个提供极速购物及送货的移动社区电商平台，主要提供基于 LBS 定位一公里范围内的水果生鲜、饮料乳品、休闲零食的一小时送货到家服务，隶属于杭州鲜趣闪购网络科技有限公司。,"Ribbit Capital , 经纬中国 , 顺为基金 , 阿里巴巴 , 元璟资本 , H Capital , "
14586,爱屋吉屋,E轮,2015,11,13,15000,美元,黄浦区,上海,房产服务,http://www.iwjw.com/,6,2014,爱屋吉屋是一家房产O2O综合服务提供商，业务覆盖租房、买房、二手房等。由满懿（上海）房地产咨询有限公司开发。,"顺为基金 , 高瓴资本Hillhouse Capital , 高榕资本 , 纪源资本GGV , Temasek淡马锡 , 晨兴资本 , "
14644,全时,C轮,2015,4,13,--,人民币,朝阳区,北京,企业服务,http://www.quanshi.com/,1,2006,全时云商务服务股份有限公司（又名全时）创建于 2006 年，是国内领先的 SaaS服务提供商，也是中国远程会议服务的领导者，专业的运营网络和基础设施遍布全球 50 多个国家和地区，是中国唯一一家具有亚,"中信产业基金 , 宽带资本CBC , "
14767,浙商银行,战略投资,2016,4,2,3000,美元,杭州,浙江,金融,http://www.czbank.com/,4,1993,浙商银行是一家全国性股份制商业银行，前身为“浙江商业银行”。,"蚂蚁金服(阿里巴巴) , "
14779,车猫二手车,B轮,2015,8,21,120000,人民币,杭州,浙江,汽车交通,http://www.chemao.com,5,2012,车猫二手车是认证二手车O2O交易平台，致力于为消费者提供认证、专业帮买、售后质保、金融贷款及后市场等服务。,"浙富控股 , 元璟资本 , "
1485,知乎,C轮,2015,9,29,5500,美元,海淀区,北京,社交网络,http://www.zhihu.com,1,2011,知乎是一个网络问答社区，用户可以在上面提问、寻找答案、分享知识，北京智者天下科技有限公司旗下。,"赛富基金 , 腾讯 , 创新工场 , 搜狗 , 启明创投 , "
1491,猿题库,D轮,2016,5,31,4000,美元,朝阳区,北京,教育,http://yuantiku.com,2,2013,猿题库是一个支持手机及电脑做题的智能在线题库产品，而后延伸业务包括初高中在线辅导学校“猿辅导”、拍照答疑应用“小猿搜题”等。北京贞观雨科技有限公司旗下。,"经纬中国 , 腾讯 , 新天域资本 , IDG资本 , 华人文化产业基金 , "
14937,SenseTime商汤科技,B轮,2016,12,14,12000,美元,海淀区,北京,企业服务,http://www.sensetime.com,8,2014,商汤科技是全球领先的深度学习平台开发者，专注于打造人工智能视觉引擎。由第一支大规模从事深度学习研究的华人团队创立，深度学习研究领先性处在国际第一梯队。商汤基于自主研发的深度学习平台，输出全套人工智能视,"Star VC , 鼎晖投资 , IDG资本 , 万达集团 , "
14956,大特保,B+轮,2016,7,6,--,美元,朝阳区,北京,金融,http://www.datebao.com,8,2014,大特保是一家保险特卖平台，致力于打造中国最高性价比的保险产品。公司成立之初，获得险峰华兴和融360创始人的天使投资。,"中国平安(平安创新投) , 乐有投资 , 联创策源 , 中华开发 , 险峰长青(险峰华兴) , 复星昆仲 , 德沃基金 , 复星集团 , "
15021,图灵机器人Turing OS,C轮,2016,1,20,5000,人民币,海淀区,北京,企业服务,http://www.tuling123.com,4,2010,图灵机器人是一家个性化智能机器人平台，旗下有人工智能机器人操作系统Turing OS，用户可以在微博、微信、QQ机器人、语音客服、智能硬件等多个场景搭建属于自己的个性化智能机器人。北京光年无限科技有限,"江南化工 , 威盛电子 , "
15054,宅米,B+轮,2016,4,20,--,美元,闵行区,上海,本地生活,http://zhai.me,10,2014,宅米是一个校园O2O生活服务平台。该平台主要为学生提供与生活、学习相关的各种上门服务，包括外卖等。是上海千叶网络科技有限公司旗下产品。,"祥峰投资Vertex , 贝塔斯曼亚洲投资基金 , 朗盛投资 , 高榕资本 , 任飞资本(任飞投资中心) , 分期乐 , 美团(新美大) , 初心资本 , "
15079,齐家网,D轮,2015,2,28,16000,美元,宝山区,上海,电子商务,http://www.jia.com,3,2005,齐家网是一家家具家居与装修装潢综合服务提供商，核心业务是家居（含装潢、建材、家具、家电等）、婚庆和大众生活消费品。上海齐家网信息科技股份有限公司旗下网站。,"百度公司 , 鼎晖投资 , 苏州凯风创投 , 广发信德-广发证券 , "
1509,北京世纪明德教育,B轮,2015,11,10,--,人民币,海淀区,北京,教育,http://www.ilizhi.com/,11,2006,北京世纪明德教育科技有限公司致力于为青少年提供各类体验式教学服务，包括夏令营、游学、主题营服务等。,"携程 , 好未来(学而思) , "
15133,小鱼在家,B+轮,2016,9,27,--,美元,朝阳区,北京,硬件,http://www.zaijia.com,3,2014,北京小鱼儿科技是一家致力于研发互联网硬件和智能家电的创新型公司，主打产品“小鱼在家”是一个家人陪伴机器人产品。,"鸿海集团Foxconn , 成为资本 , 创新工场 , 光速中国 , "
15338,百度视频,A轮,2016,4,20,100000,人民币,海淀区,北京,文化娱乐,http://v.baidu.com/,1,2006,百度视频是百度旗下视频业务，已收录超过5.8亿条视频内容，覆盖上千家PGC制作机构， 移动端覆盖用户量超过3亿。2016年4月拆分独立发展，专注于PGC内容平台建设。,"天神娱乐 , 新文化 , 赛富基金 , "
15461,网鱼网咖,D轮,2017,1,26,21000,人民币,徐汇区,上海,本地生活,http://www.wywk.cn,12,2013,上海网鱼信息科技是一家从事网吧经营的公司，旗下拥有“网鱼网咖”连锁品牌。上海网鱼信息科技有限公司旗下产品。,"普思资本 , 联众世界-联众游戏 , "
15541,运满满,D轮,2016,12,12,11000,美元,南京,江苏,物流,http://www.ymm56.com/,11,2013,运满满是一家基于移动互联网技术开发的全免费手机管车配货平台，致力于公路运输行业，为车找货（配货）、货找车（托运）提供全面的信息及交易服务。江苏满运软件科技有限公司旗下产品,"光速中国 , 天使投资人王刚 , 云锋基金 , 红杉资本中国 , "
1556,丁香园,C轮,2014,9,2,7000,美元,杭州,浙江,医疗健康,http://www.dxy.cn/,7,2000,丁香园是一家医疗领域连接者以及数字化领域专业服务提供商，通过专业权威的内容分享平台、丰富全面的数据积累、标准化高质量的医疗服务，丁香园连接医院、医生、患者、药企和保险，覆盖千万大众用户。,"顺为基金 , 腾讯 , DCM中国 , "
15577,韩后Hanhoo,B轮,2015,5,8,--,人民币,广州,广东,电子商务,http://www.hanhoo.com,5,2005,广州十长生化妆品是一家中国本土的有机化妆品公司，主打品牌为韩后Hanhoo，通过电子商务、线下门店等进行销售。,"钟鼎创投 , 红杉资本中国 , "
157,滴滴出行,战略投资,2016,9,9,19990,美元,海淀区,北京,汽车交通,http://www.xiaojukeji.com,7,2012,滴滴出行(原名滴滴打车)是一个手机智能叫车系统，帮助乘客随时随地、方便快捷的叫到出租车，帮助司机低成本更方便的接受预订。2015年与快的打车合并为滴滴快的集团。,"中国平安(平安创新投) , 新浪微博(新浪微创投) , Coatue Management , 阿里巴巴 , 腾讯 , Apple苹果 , 鼎晖投资 , 中投公司 , 富士康 , 民航股权投资基金 , 中金甲子 , 中信资本 , 招商银行 , 中国人寿 , 北汽产业投资基金 , 中信产业基金 , 蚂蚁金服(阿里巴巴) , Temasek淡马锡 , 春华资本Primavera , 四维图新 , DST , 赛领资本 , 软银中国 , 天使投资人王刚 , H Capital , 金沙江创投 , "
15731,疯狂老师,C轮,2016,6,16,12000,人民币,浦东新区,上海,教育,http://www.entstudy.com,12,2014,疯狂老师是一个面向K12阶段家教的移动互联网教育应用，用O2O的方式让优秀的老师与家长通过APP直接对接，由老师直接提供上门教学，上海享学网络科技有限公司旗下产品。,"腾讯 , 丰厚资本 , 景林投资 , 天泽投资 , 分享投资 , 微光创投(吴宵光) , 创业黑马基金 , "
15813,乐视体育,B轮,2016,3,27,800000,人民币,海淀区,北京,体育运动,http://sports.letv.com,1,2014,乐视体育是乐视网与乐视控股（北京）有限公司出资设立的新公司，平台汇聚了足球、篮球、高尔夫、网球等体育项目，通过赛事视频直播、视频回放、原创节目等多种形式为用户带来体育赛事视频体验。,"沃肯资本 , 体奥动力 , 天弘基金 , 普思资本 , 凯撒旅游 , 海航资本 , 万达集团 , 东方富海 , 云锋基金 , "
15976,美家帮,B+轮,2015,12,22,--,人民币,厦门,福建,房产服务,http://www.mjbang.cn/,3,2008,美家帮是一个O2O模式的装修服务平台，用户可以在上面找到心仪的设计师及装修服务提供商。厦门慧达天信息科技旗下产品。,"腾讯 , 朗玛峰创投 , 东方富海 , 厦门坚果资本 , 天图资本 , "
1606,挂号网-微医集团,F轮-上市前,2016,1,29,2000,美元,杭州,浙江,医疗健康,http://www.guahao.com/,3,2010,微医集团是一家综合医疗服务机构，旗下有挂号网、微医移动医疗平台等，其中挂号网是一个就医指导及健康咨询平台，主要为患者提供分诊导诊、预约挂号、医疗支付服务。,"腾讯 , 高瓴资本Hillhouse Capital , 高盛集团(中国) , 天业股份 , 国开金融(国开开元) , 复星昆仲 , 联新资本 , 复星医药 , Cybernaut赛伯乐投资 , 晨兴资本 , 风和投资 , 启明创投 , "
16082,快看漫画,C轮,2017,1,9,25000,人民币,朝阳区,北京,文化娱乐,http://kuaikanmanhua.com,12,2014,快看漫画是一个手机端看漫画的移动应用，只需要花几分钟，就可以秒看超多有趣的“轻漫画”。快看世界（北京）科技有限公司旗下产品。,"亦联资本(YY多玩) , 今日头条 , 昆仑万维 , 光信资本 , 天图资本 , 红杉资本中国 , "
1611,爱拍网-爱拍原创,D轮,2016,6,8,--,人民币,广州,广东,文化娱乐,http://www.aipai.com/,9,2008,爱拍网（爱拍原创）是一个原创视频社区，旗下有视频创作软件“拍大师”等。广州爱拍网络科技有限公司旗下产品。,"赛富基金 , 经纬中国 , 腾讯 , 高榕资本 , 招商和腾创投 , "
1613,宝宝树,D轮,2016,7,19,300000,人民币,海淀区,北京,本地生活,http://www.babytree.com/,3,2007,宝宝树是一个垂直母婴网站，用户在这里可以进行有价值的经验分享，得到愉快的育儿成长体验，此外宝宝树还开发了多款智能硬件。北京众鸣世纪科技有限公司旗下。,"SIG海纳亚洲 , 经纬中国 , Matrix Partners经纬海外 , 聚美优品 , 易方达基金 , 千合资本 , 宽带资本CBC , 好未来(学而思) , 复星集团 , "
16197,轻松筹,B+轮,2016,6,2,2000,美元,朝阳区,北京,金融,http://www.qschou.com/,9,2014,轻松筹是一个主打“社交众筹”和“轻众筹”概念的众筹平台，可以让任何人、在任何时间、任何地点、轻松发起任何内容的众筹。北京轻松筹网络科技有限公司旗下产品。,"德同资本 , 腾讯 , 同道资本 , IDG资本 , "
16216,七乐康,B轮,2015,11,6,10000,美元,广州,广东,医疗健康,http://www.7lk.cn,7,2001,七乐康是一家医药电子商务及网上药店，拿到了国内首张医药B2C物流牌照，广州七乐康药业连锁有限公司旗下网站。,"长江国弘 , 启迪创投 , 江苏高科技投资 , "
16274,美菜网,D轮,2016,6,4,20000,美元,朝阳区,北京,电子商务,http://www.meicai.cn/,5,2014,美菜网是一家主打农产品和蔬菜水果的B2B电子商务网站，原窝窝团创始团队二次创业倾力打造的一个农产品移动电商公司，隶属于北京云杉信息技术有限公司。,"顺为基金 , 真格基金 , 蓝湖资本 , "
1634,返利网,C轮,2015,4,21,10000,美元,浦东新区,上海,电子商务,http://www.51fanli.com/,11,2006,返利网是一个网上购物积分行业的“第三方返利导购”平台，上海中彦信息科技有限公司旗下。,"SIG海纳亚洲 , 思伟投资 , 日本乐天Rakuten , 启明创投 , "
16426,Boss直聘,C轮,2016,9,22,2800,美元,朝阳区,北京,企业服务,http://www.bosszhipin.com,3,2015,Boss直聘是一个专注互联网行业的招聘神器，特色是上级直接在线面试，随时随地都可以面试。北京华业基石网络技术有限公司（看准网）旗下产品。,"顺为基金 , 华映资本 , 联创策源 , 高榕资本 , 今日资本 , 和玉基金 , "
16470,陆金所,B轮,2016,1,8,121600,美元,浦东新区,上海,金融,http://www.lufax.com/,9,2011,陆金所是一家综合性的金融资产交易相关服务及投资理财服务平台，主打业务为P2P借贷，中国平安集团旗下金融服务。,"腾讯 , 国泰君安 , 民生银行(民银国际) , "
16506,海致BDP商业数据平台,C轮,2016,3,2,3000,美元,海淀区,北京,企业服务,https://www.bdp.cn,11,2013,海致BDP商业数据平台是一家基于云端的可视化大数据分析服务提供商，隶属于海致网络技术（北京）有限公司。,"君联资本 , 贝塔斯曼亚洲投资基金 , 高瓴资本Hillhouse Capital , Wind万得 , IDG资本 , 晨兴资本 , "
16575,微众银行,A轮,2016,1,28,45000,美元,深圳,广东,金融,http://www.webank.com/,10,2014,微众银行是一家民营在线金融服务平台，主要向用户提供购物、旅行等个人消费类金融服务。,"Temasek淡马锡 , 华平投资WI Harper Group , "
16651,找塑料网,B轮,2015,7,28,3600,美元,广州,广东,电子商务,http://www.zhaosuliao.com,7,2014,找塑料网是一家为塑料买卖双方提供撮合交易服务的电商平台，致力于打造成塑料原料现货交易平台。广州百塑电子商务有限公司旗下网站。,"经纬中国 , 新天域资本 , 真顺基金 , IDG资本 , 光信资本 , 启明创投 , "
16708,爱空间,B轮,2015,12,13,13500,人民币,朝阳区,北京,房产服务,http://www.ikongjian.com,10,2014,爱空间是一家主打互联网标准化家装服务的O2O公司，提供可定价、定期的标准化家装，并通过线上实现交易和全程监控，线下实现体验和交付的新型家装模式。爱空间科技（北京）有限公司旗下，空间智慧装饰装修（北京）,"顺为基金 , 景林投资 , 分享投资 , 疆域基金 , "
1678,Social Touch时趣互动,D轮,2015,8,31,5850,美元,朝阳区,北京,广告营销,http://www.social-touch.com,3,2011,时趣互动科技（Social Touch）成立于2011年，是一家社会化管理系统、服务与数据解决方案提供商。旗下有众趣、品趣、明客、星客等产品。,"君联资本 , Sierra Ventures , 纪源资本GGV , 联想集团 , "
16798,in APP九言科技,新三板,2016,3,16,--,人民币,杭州,浙江,社交网络,http://www.in66.com,6,2014,inAPP是一款女性时尚图片分享社交应用，主打”我的生活in记“，爱图购旗下产品。,"国科嘉和 , 经纬中国 , 华兴资本 , 盈动资本 , 千合资本 , 小村资本 , "
16850,达达配送,战略投资,2016,10,21,33600,人民币,青浦区,上海,物流,http://imdada.cn/,6,2014,达达是一个用移动和众包的方式解决最后三公里配送的平台，目前拥有上万名实名配送人员，为商户提供专业的第三方配送服务，隶属于上海趣盛网络科技有限公司。,"景林投资 , 沃尔玛 , 昆仑万维 , DST , 红杉资本中国 , "
1687,洋码头,C轮,2015,5,1,--,人民币,浦东新区,上海,电子商务,http://www.ymatou.com,7,2010,洋码头是一家跨国购物电子商务服务商，帮助国内消费者进行海外购物。隶属于上海洋码头网络技术有限公司，旗下有移动APP海外扫货神器等。,"赛富基金 , 天使湾 , 世铭投资 , AB资本-AB Capital , 赛领资本 , 长江国弘 , 远镜创投 , "
16872,贝斯特教育-101同学派,A轮,2015,1,7,5250,美元,福州,福建,教育,http://pad.101.com/,3,2011,贝斯特教育成立于2011年，是网龙旗下的在线教育公司，目前主打K12教育，产品有平板电脑“101同学派”，提供平板电脑的硬件、以及平板上的软件等。,"祥峰投资Vertex , IDG资本 , 奥飞动漫 , "
16879,全程网络,B轮,2015,11,19,--,美元,杨浦区,上海,企业服务,http://www.quancheng-ec.com/,11,2013,全程网络是一家企业商务消费软件服务提供商，旗下有商宴通、全程费控等SaaS服务平台，为企业提供宴请、会务、差旅费用管理服务等。,"Arbor Ventures乔木创投 , ClearVue锴明投资 , 斯道资本(富达亚洲) , "
17088,开桌,A轮,2015,3,19,20000,人民币,朝阳区,北京,本地生活,http://www.kzhuo.com.cn/,5,2012,开桌是一个以抢饭补为切入点，具有社交属性的午餐随机优惠平台，目的是利用移动互联网帮助白领用户吃午饭有优惠，有趣，使同事之间更有话题。,"天图资本 , "
17092,福佑卡车,B轮,2016,4,12,10000,人民币,南京,江苏,物流,http://fuyoukache.com/,10,2013,福佑卡车是中国城际整车运输互联网交易第一品牌，主营业务为大型3PL提供整车运输服务，致力于通过互联网技术为物流企业与承运方搭建无缝对接平台。现福佑卡车业务已覆盖全国27个省市，并与德邦.天地华宇. 顺,"梅花天使创投 , 钟鼎创投 , 盈信资本 , "
17099,每日优鲜,B+轮,2016,4,28,23000,人民币,朝阳区,北京,电子商务,http://www.missfresh.cn/,10,2014,每日优鲜是一家专注优质生鲜的特卖网站，平台每天都会筛选优质的生鲜商品推荐给用户购买。北京每日优鲜电子商务有限公司旗下网站。,"华创资本 , 腾讯 , 浙商创投 , 远东宏信远翼投资 , 光信资本 , 元璟资本 , "
17167,大地影院,战略投资,2016,5,10,100000,人民币,深圳,广东,文化娱乐,http://www.dadicinema.com/,1,2006,大地影院是一家连锁影院品牌，提供贯性的合理化票价、丰富且有效的营销活动、统一的品质管理等，隶属于广东大地电影院线股份有限公司。,"阿里影业(阿里巴巴) , "
17181,海洋音乐China Music Corp,B轮,2016,3,13,30000,美元,朝阳区,北京,文化娱乐,http://www.omusic.cc/,4,2014,China Music Corp（前身是海洋音乐）是一家音乐流媒体服务商，旗下拥有国内在线音乐服务商酷狗音乐(Kugou)、酷我音乐(Kuwo)。,"腾讯 , 暴风科技 , "
17228,小区快点,A轮,2015,12,28,20000,人民币,广州,广东,本地生活,http://www.xqkd.net/,10,2014,小区快点是一款向小区居民提供快速消费品的在线购买和优质的线下配送服务的电子商务平台，广州亿牛信息科技有限公司旗下,"天使投资人庞升东 , 游族网络 , "
1730,YOHO!有货,D轮,2015,7,15,10000,美元,南京,江苏,电子商务,http://www.yohobuy.com,12,2009,YOHO!有货，是一个潮流品牌商品销售平台。借助中国潮流产业的发展和YOHO!在平面媒体、网络社区、线下活动等产品的推广，目前已有200多个品牌“入驻”销售。南京新与力文化传播有限公司（新力传媒）旗下,"达晨创投 , 赛富基金 , 祥峰投资Vertex , 鼎晖投资 , 贝塔斯曼亚洲投资基金 , 远镜创投 , 华人文化产业基金 , "
17314,淘票票(淘宝电影),A轮,2016,5,15,170000,人民币,杭州,浙江,文化娱乐,http://dianying.taobao.com/,12,2014,淘宝电影是阿里巴巴影业集团（HK:01060）旗下的互联网售票业务平台，2016年融资拆分独立发展。,"新浪微博(新浪微创投) , 鼎晖投资 , 华策影视 , 蚂蚁金服(阿里巴巴) , "
17367,阿凡题,B轮,2015,12,15,6000,美元,海淀区,北京,教育,http://afanti100.com/,10,2013,阿凡题是一家专注于K12领域答疑类APP，主要通过“拍照答疑+人工答疑”的方式来进行答疑。北京云江科技有限公司旗下产品。,"梅花天使创投 , 深创投 , 朗玛峰创投 , 凤凰祥瑞 , 安芙兰创投 , "
17389,SECA盛力世家,A轮,2016,1,21,10000,美元,虹口区,上海,体育运动,http://www.secaworld.com,2,2004,SECA盛力世家是一家体育管理和营销公司，业务包括体育娱乐资讯、运动员经纪、赛事管理体育公关宣传等。,"华人文化产业基金 , "
17422,链家网,B轮,2016,4,6,600000,人民币,海淀区,北京,房产服务,http://lianjia.com/,9,2001,链家网是一家专注于房屋租赁、二手房交易、新房买卖的房产O2O公司，隶属于链家集团，旗下有链家连锁店、丁丁租房等。,"百度公司 , 腾讯 , 华晟资本-华兴资本 , H Capital , "
17468,快塑网,B+轮,2016,11,15,35000,人民币,广州,广东,电子商务,http://www.isuwang.com/,9,2014,快塑网成立于2014年9月，是一个橡塑B2B电商平台，以技术驱动为核心整合上下游产业链，通过自营、撮合、寄售的模式，覆盖高附加值、数十万SKU特殊产品，为客户建立互联网+信息流、互联网+物流、互联网+,"汉富控股 , 光速中国 , 基石资本 , 恒泰资本CHT Capital , "
1755,杏树林,C轮,2016,1,27,3200,美元,东城区,北京,医疗健康,http://www.xingshulin.com/,12,2011,"杏树林是一家专注为医学专业人士开发移动应用的公司，旗下目前有""病历夹""、""医口袋""、""医学文献""和""大话医学""4款产品。","蓝驰创投 , 真格基金 , 开物投资 , 健康元 , 双湖投资 , 宽带资本CBC , "
17555,壹药网(1药网),D轮,2015,10,16,100000,人民币,广州,广东,医疗健康,http://www.111.com.cn/,7,2010,壹药网是广东壹号药业旗下一个一站式的综合性网上药店，涵盖药品、营养保健、医疗器械、成人用品、中药贵细、个人护理等上万种价廉质优的医药健康产品。,
17581,房司令,C轮,2016,11,1,--,人民币,南京,江苏,房产服务,http://www.58fangdai.com,1,2015,房司令定位于生活场景下的消费金融服务商，提供房屋租赁市场的金融服务，面向房东和房客间提供租房分期付款服务，让租客告别押一付三、年付、半年付等传统的付租金模式，通过分期按月付租金的方式解决租客资金紧缺的,"梅花天使创投 , 华兴资本 , 玖创资本 , 我爱我家明道资本 , 黑洞投资 , 众诚资本 , 天使汇 , 玖富 , 盈信资本 , 唯猎资本 , "
1766,邢帅网络学院(邢帅教育),B轮,2016,4,6,30000,人民币,广州,广东,教育,http://www.xsteach.com/,1,2009,邢帅网络学院是一个在线教育培训服务商，基于YY语音等提供制图、影音制作等课程。隶属于广州邢帅教育咨询有限公司。,"君联资本 , 华盖资本 , 北极光创投 , 中国移动(中移创新产业基金) , 国泰君安 , 欢聚时代(YY多玩) , "
17723,信达生物,D轮,2016,11,29,26000,美元,苏州,江苏,医疗健康,http://www.innoventbio.com/,8,2011,信达生物制药致力于利用生物高新技术，开发用于治疗危及人类健康和生命的各种疑难疾病的高端生物新药。,"君联资本 , 国投创新投资 , 礼来亚洲基金 , Temasek淡马锡 , 斯道资本(富达亚洲) , "
17779,网筑集团,A轮,2015,2,6,6000,美元,杭州,浙江,房产服务,http://www.lcds365.com,3,2011,网筑集团（前身绿城电商）是一家建筑工程领域的电商，旗下三家公司分别在B2B、B2C以及金融领域各显神通：绿城电商为工程客户提供透明、高效、低成本的系统化解决方案；屋牛电商则为消费者个体提供一站式家装服,"易居资本 , 红杉资本中国 , "
17847,数梦工场,A轮,2015,8,24,45000,人民币,杭州,浙江,企业服务,http://www.dtdream.com,3,2015,数梦工场是一家云计算和大数据解决方案提供商，产品有DThink大数据一体机等。,"阿里巴巴 , 银杏谷资本 , "
1786,36氪36Kr,战略投资,2016,12,13,--,人民币,海淀区,北京,金融,http://www.36kr.com/,7,2011,36氪是一家关注互联网创业的科技媒体，旗下还有氪加融资平台、氪空间创业孵化器等，隶属于北京协力筑成传媒科技有限公司。2015年转型做金融科技及投融资服务为主。,"经纬中国 , 永柏资本PGA Ventures , 华泰瑞麟(华泰证券) , 九合创投 , 蚂蚁金服(阿里巴巴) , Infinity Venture Partners , 招商局 , "
17860,SheIn找库科技,B轮,2015,6,5,20000,人民币,深圳,广东,电子商务,http://www.shein.com/,12,2010,SheIn是一家快时尚跨境电商网站，致力于打造类Zara、Foever21的跨境快时尚品牌，隶属于深圳市找库科技有限公司。,"IDG资本 , 景林投资 , 天泽投资 , 厦门坚果资本 , "
1795,挖财网,B+轮,2015,7,15,8000,美元,杭州,浙江,金融,http://www.wacai.com/,6,2009,挖财是一家移动互联网金融公司，此前主打个人财务管理与记账应用，随后转型做资产管理、理财投资服务等，隶属于杭州财米科技有限公司。,"鼎晖投资 , 新天域资本 , 阿米巴资本 , IDG资本 , 宽带资本CBC , 光信资本 , 中金公司 , 启明创投 , "
17958,好彩头,A轮,2015,2,15,20000,人民币,泉州,福建,电子商务,http://hct.timai.cn,1,2004,好彩头是一家食品饮料品牌，拥有“小样乳酸菌/小样酸Q糖”等产品。,"红杉资本中国 , "
1796,豆果网(豆果美食),C轮,2014,11,18,2500,美元,东城区,北京,本地生活,http://www.douguo.com/,1,2008,豆果网(豆果美食)是一家致力于发现、分享、交流美食的互动平台，目前已经发展成为国内外华人较为领先的美食互动社区网络、在线厨艺交流、美食分享平台，提供国内免费手机美食菜谱、生活资讯应软件。,"盛大资本-盛大网络 , 高瓴资本Hillhouse Capital , Crystal Stream清流资本 , 纪源资本GGV , "
17975,优必选科技,B轮,2016,7,25,10000,美元,深圳,广东,硬件,http://www.ubtechinc.net,3,2012,优必选科技是一家机器人技术公司，专注于智能家庭机器人的研发，已推出机器人阿尔法一代、阿尔法二代。,"鼎晖投资 , 中信证券 , 正轩投资 , "
18,融360,D轮,2015,10,14,103500,人民币,海淀区,北京,金融,http://www.rong360.com,10,2011,融360是一家互联网金融垂直搜索平台，为个人消费者和微小企业提供金融产品的搜索、推荐和申请服务，业务范围涵盖贷款、信用卡与理财。北京融世纪信息技术有限公司旗下网站。,"KPCB凯鹏华盈中国 , Star VC , 光速中国 , 清科创投 , Temasek淡马锡 , 赛领资本 , 云锋基金 , 红杉资本中国 , "
18007,朝阳永续,战略投资,2016,6,10,25000,人民币,浦东新区,上海,金融,http://www.suntime2003.com/,10,2003,朝阳永续是一家是中国证券行业上市公司盈利预测数据提供商。旗下产品有GO- GOAL上市公司业绩预测系统、CONSENSUS DATA一致预期数据查询系统、基金持仓分析系统、朝阳永续财富管理中心等。,"蚂蚁金服(阿里巴巴) , "
18031,58到家,A轮,2015,10,12,30000,美元,朝阳区,北京,本地生活,http://www.58daojia.com/,11,2014,58到家是58同城推出的一项独立业务，主要关注上门家政类O2O服务，包括保洁、保姆、维修、搬家等多种生活类服务。2015年10月拆分独立发展。,"中国平安(平安创新投) , 阿里巴巴 , KKR , "
18092,蚂蚁金服,B轮,2016,4,19,450000,美元,杭州,浙江,金融,http://www.antgroup.com/,10,2014,蚂蚁金服是阿里巴巴旗下的小微金融集团，于2014年10月16日正式成立，旗下业务包括支付宝、支付宝钱包、余额宝、招财宝、蚂蚁小贷和网商银行（筹）等。,"None , 中投公司 , 中国人寿 , 国开金融(国开开元) , 中邮资本 , 春华资本Primavera , "
1821,易果生鲜,C轮,2016,11,9,20000,美元,长宁区,上海,电子商务,http://www.yiguo.com,10,2005,易果生鲜创立于2005年，作为全国领先的新一代全链路生鲜运营平台，致力于为都市家庭提供全品类生鲜食材与全年无休贴心服务。易果买手团队踏遍全球7大产区、147个地区、100多个基地源头直采，自有冷链仓储,"阿里巴巴 , KKR , 苏宁 , 小村资本 , "
1843,会唐网,C轮,2016,7,1,10000,人民币,朝阳区,北京,企业服务,http://www.eventown.com.cn,6,2007,会唐网是一家在线会议资源集采平台，是提供中文场地查询、预定及整合营销的垂直平台。隶属北京会唐世纪科技有限公司旗下。,"上海融翼资本 , 稼沃资本 , 春晓资本 , "
18614,俺来也,B轮,2016,9,8,24000,人民币,徐汇区,上海,电子商务,http://www.anlaiye.com.cn/,4,2014,俺来也是一家主打校园电商的O2O服务平台，学生可通过“俺来也”微信服务号或APP下单购买千余种日常急需商品，上海笑得商贸有限公司旗下产品。,"天财资本 , We+母基金 , 江苏一德集团 , 景林投资 , 分享投资 , 崇德投资 , 森马服饰 , "
1862,Face++旷视科技,C轮,2016,12,6,10000,美元,海淀区,北京,企业服务,http://www.faceplusplus.com,11,2012,Face++是一个人脸识别云计算平台，为开发者提供人脸识别接口，北京旷视科技有限公司旗下。,"鸿海集团Foxconn , 建银国际金禾 , 创新工场 , 富士康 , 蚂蚁金服(阿里巴巴) , 联想创投集团(乐基金) , 联想之星 , 启明创投 , "
18701,互动百科集团,新三板,2016,2,1,--,人民币,海淀区,北京,文化娱乐,http://www.baike.com,7,2005,互动百科集团创于2005年，致力于为全球华人提供中文百科知识服务，通过维基技术、词媒体、按需媒体的多元拓展，业务涵盖互动百科、HDWIKI、移动互联网。,"北极光创投 , 晨晖资本 , 磐谷创投 , DCM中国 , DFJ德丰杰中国基金 , 盛景网联(盛景嘉成) , "
18710,ofo共享单车,C轮,2016,10,10,13000,美元,海淀区,北京,汽车交通,http://www.ofo.so,12,2014,ofo共享单车是一家专注于自行车的互联网公司，以共享单车和智能硬件为核心，创造全新的共享出行方式，北京三鼎网络科技有限公司旗下产品。,"Coatue Management , 经纬中国 , 顺为基金 , 真格基金 , 中信产业基金 , 小米科技 , 滴滴出行-滴滴快的 , 唯猎资本 , 元璟资本 , 天使投资人王刚 , 东方弘道(弘合基金) , 金沙江创投 , "
1904,51信用卡,C轮,2016,10,26,8400,美元,杭州,浙江,金融,https://www.u51.com/,5,2012,51信用卡是一个实用的信用卡管理工具及理财服务平台，由杭州恩牛网络技术有限公司开发，旗下还有51信用卡优惠、51记账、51银行卡保险箱系列app，基于商户和用户行为的大数据为生活服务O2O业务提供数据,"华盖资本 , SIG海纳亚洲 , 华映资本 , 泛城科技陈伟星 , 国信弘盛 , 中通银泰投资 , Crystal Stream清流资本 , 盈动资本 , 纪源资本GGV , 丰实资本- 嘉实基金 , 薛蛮子 , 千合资本 , 新湖中宝-新湖控股 , 洪泰基金 , 天图资本 , "
1909,思必驰,C轮,2016,1,18,20000,人民币,苏州,江苏,企业服务,http://www.aispeech.com,10,2007,思必驰由剑桥大学团队创立于2007年，2008年回国创业。是国内唯一拥有人机对话技术，国际上极少数拥有自主产权、中英文综合语音技术的公司之一，先后获得三轮融资。思必驰是国内唯一专注于智能硬件领域的语音,"阿里巴巴 , 联想之星 , DCM中国 , 启迪创投 , "
1925,沪江网(沪江教育),D轮,2015,10,28,100000,人民币,浦东新区,上海,教育,http://www.hujiang.com,1,2001,沪江网是一个外语学习门户，提供网校、外语媒体、SNS学习社区等，隶属于上海互加文化传播有限公司。,"顺为基金 , 百度公司 , 汉能投资 , 元禾控股 , 皖新传媒 , 磐石资本 , 中汇国投 , 软银中国 , 民生银行(民银国际) , "
1927,VIPABC,C轮,2015,11,19,20000,美元,朝阳区,北京,教育,http://www.vipabc.com,8,2008,VIPABC是一个真人在线英语学习培训网站，TutorGroup麦奇教育旗下。,"复思资本 , 阿里巴巴 , CA创投 , 高盛集团(中国) , 银翎资本Silverlink Capital , Temasek淡马锡 , GIC新加坡政府投资公司 , 启明创投 , "
19339,丽人丽妆lili&beauty,B轮,2015,4,3,10000,美元,松江区,上海,电子商务,http://www.lrlz.com,5,2010,丽人丽妆是一家专注于品牌化妆品网络零售的新型电子商务公司，通过为知名品牌在淘宝商城开设品牌官方旗舰店，或向其他B2C商城提供商品，为消费者提供化妆品网购服务。,"阿里巴巴 , 凯欣亚洲投资Crescent Group , 麦顿投资 , 汉理资本 , "
19459,麦子金服,A轮,2015,4,8,87000,人民币,浦东新区,上海,金融,http://www.maizijf.com/,3,2015,麦子金服是一家移动互联网金融服务集团，为个人和企业提供包括财富管理、股权投资、投融资咨询等综合资产管理服务。旗下有海诺诺镑客、名校贷、大房东、财神爷爷等产品。,"海通开元 , "
1947,明星衣橱,D轮,2015,8,15,5000,人民币,海淀区,北京,电子商务,http://www.hichao.com/,8,2012,明星衣橱是一个时尚购物类APP，致力于帮助女孩们以便捷的方式买到和明星一模一样的衣服，学会明星的穿衣搭配。隶属于北京万象新天网络科技有限公司。,"中国平安(平安创新投) , 达晨创投 , Star VC , 戈壁投资 , 唯品会 , PreAngel , 朗姿股份 , "
1948,蜻蜓FM,D轮,2016,2,25,--,人民币,徐汇区,上海,文化娱乐,http://qingting.fm/,9,2011,蜻蜓fm是一款收听广播电台的工具，提供全球在线新闻、音乐、经济、娱乐等3000多个电台频道，以及主播电台、有声读物、各类播客等点播内容。上海倾听信息技术有限公司旗下。,"创新工场 , 中国文化产业投资基金 , "
1964,哔哩哔哩bilibili,D轮,2015,11,10,--,人民币,杭州,浙江,文化娱乐,http://www.bilibili.com,1,2010,"哔哩哔哩弹幕网（简称""bilibili""）是一家以ACG(Animation、Comic、Game)为主题的娱乐站点。杭州幻电科技有限公司旗下。","腾讯 , IDG资本 , 掌趣科技 , H Capital , 华人文化产业基金 , "
19654,众安保险-众安在线,A轮,2015,6,19,93400,美元,黄浦区,上海,金融,https://www.zhongan.com/,9,2013,众安保险是一家提供与互联网交易直接相关的企业/家庭财产保险、货运保险、责任保险、信用保证保险等服务的互联网保险公司。,"中国平安(平安创新投) , 携程 , 赛富基金 , 阿里巴巴 , 腾讯 , Morgan Stanley摩根士丹利 , 鼎晖投资 , 红杉资本中国 , "
19664,暴风魔镜,B轮,2016,1,21,23000,人民币,海淀区,北京,硬件,http://www.mojing.cn,9,2014,暴风魔镜，是暴风影音正式发布的第一款硬件产品。暴风魔镜是一款虚拟现实眼镜，在使用时需要配合暴风影音开发的专属魔镜应用，在手机上实现IMAX效果，普通的电影即可实现影院观影效果。,"天神娱乐 , 松禾资本 , 爱施德 , 中信资本 , 暴风科技 , 天音通信 , 华谊兄弟 , "
1969,极光推送,C轮,2016,6,30,--,美元,深圳,广东,企业服务,https://www.jiguang.cn,9,2012,极光（www.jiguang.cn）是中国领先的移动大数据平台和移动应用云服务提供商。其团队核心成员来自腾讯、摩根士丹利、豆瓣、Teradata、中国移动等。公司自2011年成立以来专注于为App开发,"IDG资本 , 复星昆仲 , 曼图资本Mandra Capital , "
1971,随手记,B+轮,2015,4,15,--,美元,深圳,广东,金融,http://www.feidee.com/,2,2010,"随手记是一个移动互联理财平台，主要为用户提供个人理财产品——随手记相关的iphone,android客户端以及记账网站。","复星昆仲 , 昆仑万维 , 源码资本 , 红杉资本中国 , "
1977,格瓦拉生活网,C轮,2014,7,1,20000,人民币,闵行区,上海,本地生活,http://www.gewara.com/,3,2008,格瓦拉生活网是一个城市娱乐资讯、消费、互动一体化网络平台，致力为广大消费者的休闲娱乐生活提供更加便捷的消费服务。上海格瓦商务信息咨询有限公司旗下产品。,"盛大资本-盛大网络 , 鼎晖投资 , 华人文化产业基金 , "
2,蘑菇街(美丽联合集团),D轮,2015,11,21,20000,美元,杭州,浙江,电子商务,http://www.mogujie.com,2,2011,蘑菇街是一个女性购物分享及导购社区。杭州卷瓜网络有限公司旗下网站，2016年与美丽说、淘世界合并为“美丽联合集团”。,"中国平安(平安创新投) , 厚朴基金 , 贝塔斯曼亚洲投资基金 , 挚信资本 , 阿米巴资本 , 高榕资本 , IDG资本 , 天图资本 , 启明创投 , "
2002,有信免费电话,B轮,2014,9,19,--,美元,深圳,广东,工具软件,http://www.uxin.com/,11,2011,有信是一个基于通讯录的免费通讯软件，好友间可全球免费语音通话，非好友也支持网络电话拨打国内座机和手机，还可免费即时聊天，支持发送语音、图片、位置和文字信息，隶属于深圳市有信网络技术有限公司。,"新浪微博(新浪微创投) , 红杉资本中国 , "
2005,穷游网,D轮,2016,1,5,6000,美元,朝阳区,北京,旅游,http://www.qyer.com,2,2004,穷游网是一个专注于出境游的资讯、线路预订服务商，北京穷游天下科技发展有限公司旗下。,"SIG海纳亚洲 , 阿里巴巴 , 挚信资本 , 众信旅游 , "
20053,二维火,B轮,2016,7,18,--,人民币,杭州,浙江,企业服务,http://www.zm1717.com,5,2013,二维火是一家专注餐饮云收银系统的技术公司，致力于帮助餐饮等行业实现互联网信息化，包括手机点餐、支付、营销互动等，杭州迪火科技有限公司旗下产品。,"华创资本 , 阿米巴资本 , 蚂蚁金服(阿里巴巴) , "
20167,微影时代(微票儿),C轮,2016,4,27,300000,人民币,海淀区,北京,文化娱乐,http://www.wepiao.com/,5,2014,微影时代是一家文化娱乐服务商，旗下有“微票儿”电影票O2O平台，主打产品室基于微信钱包和QQ钱包的“电影票”。北京微影时代科技有限公司旗下产品。,"天神娱乐 , 复思资本 , 腾讯 , 安赐资本 , 中国文化产业投资基金 , 文资华夏文化产业基金 , 信业基金 , 歌斐资产 , 纪源资本GGV , 乐逗游戏 , 引力创投 , 光大集团 , 万达集团 , 华人文化产业基金 , "
2031,今日头条,C轮,2014,6,0,10000,美元,海淀区,北京,文化娱乐,http://www.toutiao.com/,7,2012,今日头条是一个基于兴趣的、社交化的手机资讯阅读应用，让用户便捷地看到感兴趣和热门的资讯，并和朋友互动，发表对世界的看法。北京字节跳动科技有限公司旗下产品。,"新浪微博(新浪微创投) , SIG海纳亚洲 , DST , 红杉资本中国 , "
20383,盘石网盟,B轮,2015,5,4,20000,美元,杭州,浙江,广告营销,http://www.adyun.com/,11,2004,浙江盘石信息公司是一家中文网站联盟平台、移动网络广告技术服务商。盘石已经跟超过40万家网站合作，涵盖36个行业，并且自主开发有盘石DSP系统、盘石RTB系统、盘石SSP系统、盘石AD Exchange,"联创永宣 , 美国中经合集团 , 芳晟股权投资基金 , 昆吾九鼎投资 , "
20471,Tomtop通拓科技,A+轮,2016,3,16,--,人民币,深圳,广东,电子商务,http://www.tomtop.cn/,6,2004,通拓科技成立于2004年，现已发展成为集营销、供应链管理、进出口贸易于一体的集团公司，把全球范围内的好产品通过eBay、Amazon、速卖通、Wish以及自建网站等平台销售出去。经营的范围包括游戏配件,"纵联资本 , 百圆裤业 , "
20598,工夫影业,战略投资,2016,12,15,27000,人民币,宁波,浙江,文化娱乐,http://weibo.com/ckfpictures,3,2013,工夫影业成立于2013年，以陈国富导演为核心，集结业内优异编导、制片人以及各部门主创，从事影视项目投资、策划开发、制作拍摄和营销定位等全方位业务，影视项目有《寻龙诀》、《火锅英雄》等。,"天神娱乐 , "
20891,学乐云教学平台,C轮,2016,10,12,20000,美元,杭州,浙江,教育,http://www.xuele.net/,7,2002,学乐云教学平台是一家针对K12阶段教育提供教育软件及教育资源研究开发的教育科技类公司，旗下开发有“学乐人人通·云教学”、“学乐中国”等产品。,"新天域资本 , 深圳高特佳 , 天使投资人王刚 , 金沙江创投 , 海通开元 , "
21005,买单侠,C轮,2016,4,12,--,美元,浦东新区,上海,金融,http://www.fenqi.im/,3,2014,上海秦苍信息科技有限公司（简称Omni Prime）是一家消费金融科技服务公司，旗下APP“买单侠”是一款面向年轻人群的移动信用金融服务产品。​,"顺为基金 , 真格基金 , 联创策源 , 京东 , 晨兴资本 , 人人公司 , 红杉资本中国 , "
21348,若森数字,B轮,2017,1,21,--,人民币,海淀区,北京,文化娱乐,http://www.rocen.com.cn/,11,2003,若森数字是一家集动画技术研发、影视制作、动画教育、游戏研发、游戏运营、品牌发行等业务为一体综合文娱公司，作品有原创3D动画《画江湖》系列、《不良人》手游等。,"松禾资本 , 国信弘盛 , 盛万投资 , 国金投资 , "
21412,优客工场URWork,B轮,2016,8,15,11000,人民币,顺义区,北京,房产服务,http://www.urwork.cn/,4,2015,优客工场是一个主打创业的共享办公空间，除了有定期的讲座、论坛外，还可以为创业者提供投融资对接、财务、法律方面的服务。优客工场（北京）创业投资有限公司旗下产品。,"领势投资 , 真格基金 , 永柏资本PGA Ventures , 创新工场 , 汉富控股 , 高榕资本 , 红杉资本中国 , "
2143,房多多,C轮,2015,9,16,22300,美元,深圳,广东,房产服务,http://www.fangdd.com,1,2011,房多多是一家房地产整合营销服务平台，致力开创线上信息流、线下业务流无缝整合，提供手机房多多、B2C地产网站、房多多业务管理系统等，深圳市房多多网络科技有限公司旗下。,"德迅投资 , 君同资本 , 鼎晖投资 , 汉能投资 , 光速中国 , 嘉御基金 , 分享投资 , 方源资本 , "
21455,英雄互娱,C轮,2015,11,19,190000,人民币,朝阳区,北京,游戏,http://www.yxhyu.com/,1,2015,北京英雄互娱是一家手机游戏公司，2014年借壳北京塞尔瑟斯仪表科技股份有限公司登陆新三板。,"真格基金 , 普思资本 , 华晟资本-华兴资本 , 华谊兄弟 , 红杉资本中国 , "
2159,个推,D轮,2016,11,20,40000,人民币,杭州,浙江,企业服务,http://www.getui.com,12,2010,个推是一家推送技术服务商，致力于提供Android和iOS推送SDK，帮助企业和开发者快速建立推送系统，有效提高APP活跃度，增加用户粘性。以推送技术为基础，个推同时发展了大数据和移动营销业务，目前已,"赛富基金 , 美国中经合集团 , 唯品会 , 民生银行(民银国际) , 海通开元 , "
21629,Agora声网,B轮,2015,9,17,2000,美元,杨浦区,上海,企业服务,http://agora.io/,6,2014,Agora声网是一家专门做移动端音视频实时传输的云服务解决方案的公司，是一家通信即服务（CaaS）提供商，声网通话云适用于有音视频通话需求的所有领域，目前的服务行业包括在线教育、远程医疗、企业协作和企,"SIG海纳亚洲 , 顺为基金 , 纪源资本GGV , IDG资本 , 晨兴资本 , "
21694,乐乐课堂,B轮,2015,10,31,2000,美元,海淀区,北京,教育,http://www.leleketang.com,3,2014,乐乐课堂是一家主打K12阶段的互联网教育机构，目前业务以小学数学和小学语文为主，之前曾推出3分钟数学短视频课程和乐乐作文APP。北京乐乐高尚教育科技有限公司旗下产品。,"新浪微博(新浪微创投) , 蓝驰创投 , 光速中国 , 新东方 , 晨兴资本 , "
21853,16WiFi一路热点,B轮,2016,6,20,30000,人民币,海淀区,北京,本地生活,http://www.16wifi.com,6,2014,16wifi是一个公共交通领域的wifi运营商，通过企业为数据流量买单，来实现免费带来的用户规模效应。北京一路热点信息技术有限公司旗下产品。,"百度公司 , 荣之联 , "
2189,华康移动医疗-就医宝,B轮,2015,4,28,20000,人民币,深圳,广东,医疗健康,http://www.hk515.com/,6,2011,华康移动医疗是一家为医院、医生、患者全方位打造“一站式智慧诊疗服务平台”的企业，以“就医宝”（患者端）和“医客”（医生端）两款APP为载体，提供智慧医院与分级诊疗整体解决方案。隶属于深圳市华康全景信息,"深圳力合创投 , 同创伟业 , 新天域资本 , 云锋基金 , "
22060,芒果TV,B轮,2016,6,23,150000,人民币,长沙,湖南,文化娱乐,http://www.mgtv.com/,6,2006,芒果TV立于2006年，是一个网络视频媒体平台，业务覆盖PC端、移动端、OTT等，系湖南广播电视台旗下独立品牌，由湖南快乐阳光互动娱乐传媒有限公司负责运营。,"达晨创投 , 联新资本 , "
2226,拉勾网,C轮,2016,3,23,22000,人民币,海淀区,北京,企业服务,http://www.lagou.com,7,2013,拉勾网是一个专注于互联网招聘的服务网站，3W集团旗下网站。隶属于北京拉勾网络技术有限公司。,"德迅投资 , 真格基金 , 贝塔斯曼亚洲投资基金 , 东方弘道(弘合基金) , 启明创投 , "
22274,智车优行,B轮,2016,11,8,60000,美元,海淀区,北京,汽车交通,http://www.zhicheauto.com/,10,2014,智车优行是一家用互联网思维造车的科技公司，致力于打造全新的移动互联网智能新能源汽车。,"壹号资本 , 蓝巨投资 , 本见投资 , 东方网力 , 光信资本 , 英特尔投资Intel Capital , "
2234,美味不用等,C轮,2015,10,28,50000,人民币,浦东新区,上海,本地生活,http://9now.cn,4,2013,美味不用等是一个基于LBS的餐厅排队解决方案APP，提供手机排队取号、查看排队实时进展、快到叫号提前提醒、手机店外点菜自助打单、手机店内点菜一键下单等服务。上海普景信息科技有限公司旗下。,"经纬中国 , 百度公司 , 中信资本 , 大众点评网 , 安持资本 , 有成资本 , 信天创投 , 天图资本 , "
22529,拉卡拉,战略投资,2015,6,24,7000,人民币,海淀区,北京,金融,http://www.lakala.com,6,2005,拉卡拉是一家综合互联网金融公司及社区O2O电商平台，旗下有个人支付、企业支付、征信、小贷、保理、P2P交易平台等多家子公司。,"广联达 , 创金资本 , 古玉资本 , 民航股权投资基金 , 中国太平 , "
22542,睿能创意Gogoro电动摩托车,A轮,2015,1,6,15000,美元,台北市,台湾,汽车交通,http://www.gogoro.com/,1,2014,台湾睿能创意是一家电动机车智能硬件公司，主打产品为Gogoro电动摩托车。,"宏达电HTC , "
22568,NextEV蔚来汽车,C轮,2016,6,30,10000,美元,嘉定区,上海,汽车交通,http://www.nextev.com/,11,2014,蔚来汽车是一家从事高性能智能电动汽车研发的公司，致力于研发一系列技术足够领先、性能足够优越、造型足够漂亮、价位足够亲民的电动汽车，为上海赛睿迪新能源汽车有限公司旗下产品。,"厚朴基金 , 顺为基金 , TPG Growth新桥资本 , 腾讯 , 高瓴资本Hillhouse Capital , 京东 , Temasek淡马锡 , JOY Capital愉悦资本 , 易车网 , 联想集团 , 红杉资本中国 , "
22703,康众汽车配件-康众汽配,B轮,2016,11,10,5000,美元,南京,江苏,汽车交通,http://carzone.cn/,9,1998,康众汽车配件是一家O2O模式的汽车售后配件服务提供商，通过连锁门店及网上的方式为终端修理门店提供B2B售后配件直营服务，江苏康众实业投资有限公司旗下品牌。,"富德创投 , 高盛集团(中国) , 基石资本 , "
22941,波罗蜜全球购,B轮,2015,10,26,3000,美元,虹口区,上海,电子商务,http://www.bolo.me,1,2015,波罗蜜是一个自营海淘购物平台，首创实时视频互动购物体验。上海播乐网络科技有限公司旗下产品。,"伟高达创投Vickers Capital , 百度公司 , 成为资本 , 分享投资 , LB投资(LB Investment) , "
22949,叮当快药,A轮,2016,12,29,30000,人民币,东城区,北京,医疗健康,http://www.ddsy.com/,9,2014,叮当快药是一款为用户提供O2O医药服务的产品，用户在线下单后，北京市内承诺28分钟送到。叮当医药电子商务有限公司旗下产品（仁和集团旗下）。,"同道资本 , 春风创投(春雨医生) , "
23075,Hillstone山石网科,E轮,2016,4,13,--,人民币,海淀区,北京,企业服务,http://www.hillstonenet.com.cn/,2,2007,山石网科是一家专注于网络安全领域的前沿技术创新，为企业级和运营商用户提供智能化、高性能、高可靠、简单易用的网络安全解决方案。,"伟高达创投Vickers Capital , 北极光创投 , 国开金融(国开开元) , 元禾控股 , 奥迈资本 , 光大集团 , 启迪创投 , "
23085,神州专车(神州优车),新三板,2016,7,22,--,人民币,滨海新区,天津,汽车交通,http://www.10101111.com,7,2014,神州专车是一个提供立即叫车、预约用车、接送机等服务的公司，车型涵盖公务、商务、豪华车，目的是满足用户多元化的出行需求。,"君联资本 , 阿里巴巴 , 中国诚通 , 新华资本-新华信托 , 兴业资管-兴业证券 , 神州租车 , 华平投资WI Harper Group , "
23087,龙渊网络,B轮,2015,7,2,--,人民币,成都,四川,游戏,http://www.ilongyuan.cn/,1,2014,龙渊网络是一家手游发行厂商，代理发行的主要游戏有《巨龙之战》、《战地红警》、《自由之战》等。,"创新工场 , 浙报传媒(东方星空) , 抱团科技 , "
2315,中粮我买网,C轮,2015,10,21,22000,美元,朝阳区,北京,电子商务,http://www.womai.com,8,2009,我买网是一家食品类综合B2C电子商务网站，中粮集团旗下网站。,"赛富基金 , 百度公司 , 阳光融汇资本 , IDG资本 , "
23240,暴风TV-统帅创智家,A轮,2016,8,8,20000,人民币,深圳,广东,硬件,http://www.bftv.com/,6,2012,深圳统帅创智家科技是一个互联网电视研发商，首款产品将为暴风TV，由暴风科技与日日顺、奥飞动漫、三诺数码影音等合资成立。,
23450,Rokid若琪,B轮,2016,9,17,--,美元,杭州,浙江,硬件,http://www.rokid.com/,3,2014,Rokid团队是一家智能机器人科技公司，为用户提供连网家居设备互动解决方案，首个产品为Rokid Home A.I.产品，杭州灵伴科技有限公司旗下产品。,"天使投资人吴泳铭 , 尚珹资本 , IDG资本 , MFund魔量基金 , 元璟资本 , 线性资本LinearVenture , "
23578,易酒批,C轮,2016,10,18,10000,美元,朝阳区,北京,电子商务,http://www.yijiupi.com,9,2014,易酒批是一个酒水B2B电子商务平台，为酒水终端店老板提供产品查询、进货、高利润新品介绍的综合资讯交易平台。北京易酒批电子商务有限公司旗下产品。,"贝塔斯曼亚洲投资基金 , 元生资本 , 钟鼎创投 , 景林投资 , 美团(新美大) , 光源资本 , 源码资本 , "
23659,Acadine,A轮,2015,7,16,10000,美元,中西区,香港,工具软件,http://www.acadine.com,7,2015,Acadine是一家移动操作系统研发商， 公司核心产品是一款基于HTML5标准被称作H5OS的移动操作系统，主要定位于满足来自OEM设备制造商、通信运营商、行业客户、服务和内容提供商以及消费者的多样化,"紫光集团有限公司 , "
2367,青云QingCloud,C轮,2016,3,7,10000,美元,朝阳区,北京,企业服务,https://www.qingcloud.com,4,2012,青云QingCloud是一家新的云计算公司，提供IAAS弹性云服务，支持私有网络、按秒计算、开放 API、全面监控、多重实时副本安全策略等。,"蓝驰创投 , 经纬中国 , 光速中国 , 九合创投 , "
23782,映客APP,Pre-B轮,2016,9,21,21000,人民币,海淀区,北京,文化娱乐,http://www.inke.tv/,5,2015,映客是一个视频直播社交平台，可一键直播，实时传递高清画质，支持在线人物美颜。北京蜜莱坞网络科技有限公司旗下产品。,"A8音乐 , 赛富基金 , 昆仑万维 , 光信资本 , 紫辉创投 , 金沙江创投 , "
2394,容联云通讯,C轮,2016,7,5,7000,美元,海淀区,北京,企业服务,http://www.yuntongxun.com/,12,2012,云通讯Cloopen是一个提供通讯能力的云计算PaaS平台，通过API以及打包SDK的方式提供给开发者和商家，帮助合作伙伴的应用集成通讯能力，隶属于北京容联易通信息技术有限公司。,"挚信资本 , 红杉资本中国 , "
2405,豌豆荚,B轮,2014,3,13,--,美元,海淀区,北京,工具软件,http://www.wandoujia.com,12,2009,豌豆荚是一个Android手机应用助手，旗下产品包括豌豆荚、豌豆荚应用推广、豌豆荚一键安装等。豌豆荚通过「应用内搜索」技术索引有千万量级的不重复应用、游戏、视频、电子书、主题、电影票、问答、旅游等内容,"创新工场 , 高盛集团(中国) , 软银中国 , DCM中国 , "
24287,百度外卖,B轮,2016,3,31,--,美元,海淀区,北京,本地生活,http://waimai.baidu.com,6,2014,百度外卖是一个高品质外卖平台，专注于中高端白领员工及住宅市场。2015年7月从百度拆分独立发展。,"君同资本 , 汉景家族办公室 , 百度公司 , 汉能投资 , "
24303,会分期,C轮,2017,1,10,23000,人民币,海淀区,北京,房产服务,http://www.huifenqi.com/,12,2014,会分期是一个租房分期网站，通过替租客向房东垫付房租，租客按月还款的方式，让租客实现月付房租。会找房（北京）网络技术有限公司旗下产品。,"猎鹰创投 , 联络互动 , 京东 , 源码资本 , "
24327,德师傅,B轮,2016,6,30,20000,人民币,朝阳区,北京,汽车交通,http://www.dasmaster.com/,11,2014,德师傅是一个豪华车连锁专修O2O服务品牌，专注于为豪华车主提供“管家式”服务，北京骐骥汽车服务有限公司旗下产品。,"蓝驰创投 , 正时资本 , 薛蛮子 , 星瀚资本 , "
2439,百分点科技,D轮,2015,9,8,40000,人民币,海淀区,北京,企业服务,http://www.baifendian.com,7,2009,北京百分点是一家大数据技术与应用服务商，其核心产品包括技术层的大数据操作系统（BD-OS），管理层的用户画像标签管理系统，以及应用层的推荐引擎、分析引擎和营销引擎。,"浙报传媒(东方星空) , IDG资本 , 光大集团 , 名信中国成长基金 , "
24460,GrowingIO,A轮,2016,6,28,2000,美元,朝阳区,北京,企业服务,http://www.growingio.com/,5,2015,GrowingIO是一家来商业数据分析公司，运用无埋点采集，迅速生成数据分析结果，提高运营效率，减低开发成本、缩短开发周期。提供针对市场推广、产品体验、以及客户成功等精益化运营的分析模块。,"经纬中国 , Greylock Partners , NEA恩颐投资 , "
24628,理才网,B轮,2016,10,18,60000,人民币,深圳,广东,企业服务,http://www.daydao.com,2,2014,理才网以“移动互联云应用”为基础，基于产业链提供一站式企业管理云平台与企业管理咨询服务，是“云平台+云咨询”企业管理模式的开创者和实践者，是第四代移动互联企业级应用的开拓者和领导者。旗下打造的一站式企,"和灵资本 , 海富产业投资 , 朗玛峰创投 , 复星昆仲 , 软银中国 , "
2474,百合网,IPO上市后,2016,8,29,88235,人民币,朝阳区,北京,社交网络,http://www.baihe.com,5,2005,百合网是一家婚恋交友服务网站，北京百合在线科技有限公司旗下。,"北极光创投 , NEA恩颐投资 , 金沙江创投 , "
24897,依图科技,B轮,2016,6,3,--,美元,浦东新区,上海,企业服务,http://weibo.com/u/5453041495,9,2012,"依图科技是一家计算机视觉科技公司，为用户提供基于图像理解的信息获取和人机交互
的产品，致力于构建机器视觉的未来。","真格基金 , 高榕资本 , 云锋基金 , 红杉资本中国 , "
25023,第一人力-智阳科技,C轮,2016,7,18,20000,人民币,杨浦区,上海,企业服务,http://www.hrofirst.com/,6,2014,智阳科技是一家人力资源综合服务提供商，旗下有“第一人力”、安心社保产品等。智阳网络技术（上海）有限公司旗下产品。,"丹丰创投 , 熠美投资 , 软银中国 , "
2512,爱加密,C轮,2016,1,1,30000,人民币,海淀区,北京,企业服务,http://www.ijiami.cn,10,2012,爱加密是一个面向移动应用开发者的加密加固服务工具，防止APP被篡改、被编译、数据被窃取等。北京智游网安科技有限公司旗下。,"华兴资本 , 中信建投资本 , 墨池山创投 , "
25126,亚盛医药,B轮,2016,12,26,50000,人民币,浦东新区,上海,医疗健康,http://www.ascentagepharma.com/,6,2009,亚盛医药是一家立足于中国的国际化创新型新药开发公司，专注于靶向肿瘤治疗小分子药物的研发。,"拾玉资本 , 国投创新投资 , 元禾控股 , 磐谷创投 , "
2515,靠谱网络-靠谱助手,B轮,2016,7,19,--,人民币,福州,福建,游戏,http://www.kaopu001.com/soft/,4,2013,靠谱助手是一个安卓模拟器管理工具，提供个性化模拟器设置、应用下载和管理等，主要版块包括：bluestacks、手游电脑版、靠谱互动、社区管理中心等，坚持为喜欢在电脑上玩手游的朋友提供便利。而后延伸至手,"愿景资本 , 华映资本 , 梦想者电影 , 腾讯 , "
25174,五洲会海购,B轮,2015,12,3,157000,人民币,深圳,广东,电子商务,http://www.wzhouhui.com/,8,2013,五洲会海购是一个进口电商平台，采用原产地品牌直采的供货方式和自营的运营模式，直接向品牌供应商批量采购，为消费者提供高性价比海外商品。,"环球易购 , "
25188,微鲸科技,A轮,2015,8,14,200000,人民币,徐汇区,上海,硬件,http://www.whaley.cn/,4,2015,微鲸科技是一家专注于家庭娱乐的互联网科技公司，公司主要产品为一款互联网电视，旨在为“微鲸一代”的年轻家庭提供最好的智能产品和服务。,"阿里巴巴 , 腾讯 , 华人文化产业基金 , "
25382,上药云健康,A+轮,2016,3,19,13500,人民币,徐汇区,上海,医疗健康,http://www.pharm-sh.com.cn/,3,2015,上药云健康是由上海医药集团股份有限公司出资设立的云医药O2O公司。公司的核心业务是“电子处方”、“药品数据”、“患者数据”这三大平台，为上海医药整合线下零售资源，布局零售网点；为患者提供一站式无缝对接,"盛太投资 , 京东 , IDG资本 , 软银中国 , "
25430,作业帮,B轮,2016,9,23,6000,美元,海淀区,北京,教育,http://www.zybang.com/,1,2014,作业帮是面向中国中小学教育领域推出的移动在线学习产品，也是习题搜索、名师直播、实时答疑、题库练习和学习沟通的综合学习平台，业务范围涵盖教、学、测、练、评的各个环节，已为国内中小学生解决日均过亿次的学习,"君联资本 , 襄禾资本 , 纪源资本GGV , 红杉资本中国 , "
25465,峰范科技-Fiil耳机,A轮,2015,12,31,2000,美元,朝阳区,北京,硬件,http://weibo.com/u/5604999844,3,2015,峰范科技是一家主打耳机的消费电子公司，依托互联网平台，独立研发和设计音乐耳机，首款产品为Fiil耳机。,"梅花天使创投 , 壮丽峰景 , 元璟资本 ,  青山资本 , "
2549,要出发旅行网,D轮,2016,4,18,55000,人民币,广州,广东,旅游,http://www.yaochufa.com,10,2011,要出发是一家主打“周边游”服务的在线旅游服务商，用户可根据自身需求预订相关的周边自驾游或目的地周边游服务。广州酷旅旅行社有限公司旗下产品。,"祥峰投资Vertex , 创新工场 , 众信旅游 , 架桥投资 , "
25977,Yuneec昊翔,A轮,2015,8,27,6000,美元,徐汇区,上海,硬件,http://www.yuneec.com/,1,1999,Yuneec（昊翔无人机）是一家无人机生产研发公司，同时设计和生产面向工业和个人用户使用的无人机产品，并且能够提供完善的 OEM/ODM 生产方案。在公司的公司有中誉电子（上海）有限公司/昊翔电能运动,"英特尔投资Intel Capital , "
26340,原力动画,B轮,2015,9,2,--,人民币,南京,江苏,文化娱乐,http://www.of3d.com,4,1999,原力动画（Original Force）是一家动画、数字娱乐内容制作公司，业务涵盖自主知识产权动画电影项目、游戏及影视内容制作，是微软、美国艺电、索尼、腾讯、网易、梦工厂、迪士尼等行业巨擘的长期合作伙,"腾讯 , 东方富海 , 华登国际投资 , "
26462,深圳思路名扬,A轮,2015,9,30,3500,美元,深圳,广东,企业服务,http://www.idealte.com/,2,2012,深圳思路名扬是一家关注NFC/RFID等近场通讯智能领域研发的通讯技术公司，其研发在终端设备基础上搭载行业系统解决方案和行业应用软件，旨在为国内运营商、行业客户以及个体消费者提供NFC/RFID智能终,"大舍资本 , "
26549,天天拍车,C轮,2016,11,21,10000,美元,普陀区,上海,汽车交通,http://www.ttpai.cn/,4,2014,天天拍车是一个个人卖车互联网服务平台，孵化于51汽车网，提供上门检测，无线竞拍，成交办理的一站式卖车O2O服务，并采用C2B模式。上海谨务汽车咨询技术有限公司旗下产品。,"SIG海纳亚洲 , 德同资本 , 腾讯 , 高达投资 , 兴业资管-兴业证券 , 方广资本 , 软银中国 , 易车网 , "
26605,拼好货,B轮,2015,12,23,5000,美元,杭州,浙江,电子商务,http://www.yqphh.com/,4,2015,拼好货是一个C2B模式的水果拼单社交分享电商，以拼团买水果切入，未来会拓展品类，专注以拼团的方式让用户买到高性价比的好货。杭州埃米网络科技有限公司旗下产品。,"高榕资本 , IDG资本 , "
2666,锤子科技-锤子手机,C轮,2015,6,16,--,人民币,海淀区,北京,硬件,http://smartisan.cn/,5,2012,锤子科技是一个新成立的手机设计和研发公司，主打产品“锤子手机”是一款基于安卓的中高端智能手机。,"合鲸资本 , 天使投资人吴泳铭 , 和君资本 , 海通创意资本 , 抱团科技 , 陌陌科技 , 迅游网络 , 久奕投资 , 中信金石投资 , 紫辉创投 , "
2667,车王二手车,D轮,2014,12,15,10000,美元,嘉定区,上海,汽车交通,http://www.carking001.com,11,2011,车王二手车是一家专业的线上线下二手车服务超市，拥有线下20多家连锁二手车零售超市，上海车王二手车经营有限公司旗下。,"君联资本 , SIG海纳亚洲 , VANGOO盘古创富 , 凯欣亚洲投资Crescent Group , 雄牛资本百富勤 , JOY Capital愉悦资本 , 贝雅资本 , 基石资本 , 易车网 , "
267,暴走漫画,C轮,2014,9,0,--,美元,西安,陕西,文化娱乐,http://baozou.com/,9,2010,西安摩摩信息技术有限公司专注于动漫卡通产品设计开发，旗下有恶搞漫画社区“暴走漫画”等，5个微博（笑料百科、神吐槽、暴走漫画、趣图百科、GIF怪兽）。,"联创永宣 , 盛大资本-盛大网络 , 创新工场 , "
26873,米未传媒,A轮,2016,2,24,--,人民币,朝阳区,北京,文化娱乐,http://weibo.com/u/5684984360,8,2015,米未传媒是一家专注于互联网视频内容开发、生产、及IP经营的创业公司，创始团队为原爱奇艺首席内容官、《奇葩说》出品人马东创办。,"创新工场 , 基石资本 , 娱乐工场 , "
2698,美啦美妆,C轮,2015,11,9,2000,美元,深圳,广东,电子商务,http://www.meilapp.com,7,2013,美啦美妆是一个化妆品点评互动社区及美肤美容交流平台，深圳市品汇科技有限公司开发，旗下还有美肤汇等。,"IDG资本 , AB资本-AB Capital , 云启资本 , 晨兴资本 , 金沙江创投 , 天图资本 , "
27023,51VV娱乐社区,A轮,2014,11,20,--,美元,海淀区,北京,文化娱乐,http://www.51vv.com,4,2008,51VV娱乐社区是一个多人视频互动娱乐平台。集即时通信、在线卡拉OK、视频聊天功能于一身，并提供同城交友、原创音乐、VV秀点歌台、炫舞秀场、网舞健身、朗诵艺术、戏曲舞台、综合教育、财经股票等众多主题频,"创新工场 , "
27142,京东金融,A轮,2016,1,16,665000,人民币,朝阳区,北京,金融,http://jr.jd.com/,7,2013,京东金融是京东集团旗下互联网金融业务，覆盖消费金融、白条、贷款、供应链金融、股权和商品众筹、支付等多个业务，向企业和消费者提供融资、理财、支付等各类互联网金融服务。,"中国太平 , 嘉御基金 , 丰实资本- 嘉实基金 , 红杉资本中国 , "
27143,美利金融,B轮,2016,4,6,--,美元,海淀区,北京,金融,https://www.mljr.com/,1,2015,美利金融是一家消费金融服务公司，通过定存宝、月息通等为年轻人提供个人消费金融业务，包括3C消费、租房消费、二手车消费等诸多场景消费。天道计然（北京）网络技术有限公司旗下产品。,"光亮资本 , 京东 , 挖财 , 执一资本Yi Capital , 光信资本 , 晨兴资本 , "
27182,百果园,A轮,2015,9,22,40000,人民币,深圳,广东,电子商务,http://www.pagoda.com.cn,3,1997,百果园是一家集果品生产、贸易、零售为一体的水果专营企业，旗下有水果特许连锁专卖店、水果种植基地、水果电商平台等，深圳市百果园实业发展有限公司旗下品牌。,"前海互兴资产管理 , 广发信德-广发证券 , 天图资本 , "
27195,优朋普乐,D轮,2015,9,22,52800,人民币,西城区,北京,文化娱乐,http://www.voole.com/,8,2006,优朋普乐是一个互联网电视（OTTTV）运营服务提供商，主要业务有：为家庭电视机用户提供高清大视频互联网电视服务，为全球广告主提供“优朋OTV大视频精准广告系统”，为企业级用户提供“四位一体”的互联网电,"华闻传媒 , 达华智能 , 前海人寿保险 , 创维集团 , "
2734,大街网,D轮,2015,10,26,20000,人民币,海淀区,北京,企业服务,http://www.dajie.com,3,2009,大街网是一个社会化招聘网站及职业社交网络，北京大杰致远信息技术有限公司旗下。,"隆领投资 , 和通国际 , 北极光创投 , 雷军-顺为创业 , 基石资本 , 新东方 , 斯道资本(富达亚洲) , 软银中国 , "
27754,Kika Keyboard,B+轮,2016,7,8,22000,人民币,朝阳区,北京,工具软件,http://www.kikakeyboard.com/,12,2014,Kika Keyboard是一个面向海外市场的手机键盘机输入法应用，旨在为用户提供更为丰富、准确及轻松的表达内容和方式。北京新美互通科技（Kika Tech）旗下产品。,"天神娱乐 , 国宏嘉信 , 伯乐纵横投资 , 猎豹移动 , 东方弘道(弘合基金) , "
27862,优步Uber中国,F轮-上市前,2016,5,1,--,人民币,浦东新区,上海,汽车交通,https://www.uber.com.cn/,1,2015,Uber是一家交通出行O2O服务商，其中国公司日前以VIE结构成立于上海自贸区，是Uber在美国之外的唯一一家独立公司，业务在中国境内的服务器上运行。,"百度公司 , 万科集团 , 中信证券 , 广汽集团 , 中国人寿 , 海航资本 , FreesFund峰瑞资本 , 太平洋保险 , 双湖投资 , 宽带资本CBC , 民生银行(民银国际) , "
27873,首汽租车,A轮,2015,10,9,12000,美元,海淀区,北京,汽车交通,http://www.izuche.com,5,1992,首汽租车是一个综合性汽车租赁服务供应商，主要为国内外大型活动、商务会议提供车辆服务。,"丰实资本- 嘉实基金 , "
28028,龙珠直播,B轮,2015,11,2,27800,人民币,苏州,江苏,游戏,http://longzhu.com/,7,2011,龙珠直播是一家游戏直播平台，龙珠直播与韩国职业电子竞技协会、游戏风云、NICETV达成战略合作，拥有《英雄联盟》职业联赛、《穿越火线》电视职业联赛等超过30余款游戏顶级赛事的直播权。苏州游视网络科技有,"游久游戏(爱使股份) , 腾讯 , 软银中国 , "
28041,车和家,A轮,2016,5,3,78000,人民币,朝阳区,北京,汽车交通,http://www.chehejia.com/,4,2015,车和家是一家主做“小而美的智能电动车”的智能交通创业公司，提供未来智能交通工具研发和服务。,"梅花天使创投 , 利欧集团股份 , 明势资本 , 华晟资本-华兴资本 , "
28104,碳云智能科技,A轮,2016,4,11,100000,人民币,深圳,广东,医疗健康,http://www.icarbonx.com/,10,2015,深圳碳云智能科技有限公司成立于2015年10月27日，围绕消费者的生命大数据、互联网和人工智能创建数字生命的生态系统。由顶尖的生物科技和人工智能团队共同打造个人的健康管家，通过数字生命的生态系统引领健,"腾讯 , 中源协和 , "
28173,小赢理财,A轮,2015,10,16,6000,美元,深圳,广东,金融,https://www.xiaoying.com/,3,2014,小赢理财是一个融资理财产品交易平台，其特点是不做直接发放现金的借贷业务，通过与特定场景的结合，为真实的交易提供融资，把欺诈的风险降下来。,"周大福 , "
28293,微汇金融WeXFin,A轮,2015,10,25,3200,美元,浦东新区,上海,金融,http://www.wexfin.com/,4,2012,微汇金融WeXFin是一家金融服务商，提供完整的互联网金融解决方案、金融信息服务、支付结算、财富管理等，旗下有微财富产品等。,"新浪微博(新浪微创投) , "
28342,丝芭传媒SNH48,B轮,2015,8,31,--,人民币,虹口区,上海,文化娱乐,http://www.snh48.com/,5,2010,SNH48是一个中国本土化大型女子偶像团体，丝芭文化传媒（ 原上海久尚演艺经纪有限公司 ）打造，目前有86位正式成员，分为SNH48 Team SII、SNH48 Team NII、SNH48 Tea,"君联资本 , 创新工场 , 华人文化产业基金 , "
28518,和力辰光,B轮,2015,8,20,--,人民币,朝阳区,北京,文化娱乐,http://www.hlcg.com.cn/,2,2012,和力辰光是一家主打文化传媒IP增值服务的平台，提供集剧本创作和改编、影视剧投资与制作、综合型营销服务平台于一体的服务，作品包括《小时代》、《小时代：青木时代》、《小时代3：刺金时代》、《老男孩猛龙过江,"熙金资本Zhong Capital , 昆仑万维 , 东方富海 , "
286,喜马拉雅,D轮,2016,6,14,6000,人民币,浦东新区,上海,文化娱乐,http://www.ximalaya.com,8,2012,喜马拉雅是一个音频分享平台，用户可以在平台轻松创建个人电台，随时分享好声音。,"SIG海纳亚洲 , 汉景家族办公室 , KPCB凯鹏华盈中国 , Sierra Ventures , 华山资本WestSummit Capital , 头头是道投资基金 , 阅文集团 , "
28655,大数金融,B轮,2015,12,14,50000,人民币,深圳,广东,金融,http://www.dashuf.com/,7,2014,大数金融是一家信贷外包服务提供商，专注于为小微企业提供无担保纯信用形式的贷款融资服务，隶属于深圳前海大数金融服务有限公司。,"太盟投资集团(PAG) , 红杉资本中国 , "
2878,波奇网,C轮,2016,2,1,10200,美元,宝山区,上海,本地生活,http://www.boqii.com,12,2007,波奇网是一个宠物主题社区、宠物用品网上商城等综合性宠物服务网站。光橙（上海）信息科技有限公司旗下。,"高盛集团(中国) , 招商银行 , 点亮资本 , 集富亚洲JAFCO , "
28984,时空电动汽车,B轮,2015,8,28,60000,人民币,杭州,浙江,汽车交通,http://www.skio.cn,9,2013,时空电动汽车是一家主打电动汽车的全产业链服务提供商，以自有电池技术为支点，提供多种纯电动汽车产品，同时提供基于电动汽车的租赁、电动汽车充换电基础设施、以汽车为载体的流动O2O平台等服务。,"天使投资人吴泳铭 , 华映资本 , 天堂硅谷 , 阿米巴资本 , 鼎聚投资 , 米仓资本 , "
29250,广州小鹏汽车科技有限公司,A轮,2016,3,28,4200,美元,广州,广东,汽车交通,http://www.xiaopeng.com,1,2015,小鹏汽车是一家电动汽车公司，采用O2O模式进行汽车的销售推广等，隶属于广州橙行智动汽车科技有限公司。,"紫牛基金 , 微光创投(吴宵光) , "
29408,斗米兼职,B轮,2016,10,19,4000,美元,朝阳区,北京,企业服务,http://www.doumi.com/,10,2015,斗米兼职是一个主打兼职招聘的求职服务网站，58赶集集团旗下孵化项目，而后独立为北京世诚优聘科技发展有限公司发展。,"百度公司 , 重庆新希望 , 腾讯 , 高瓴资本Hillhouse Capital , 高榕资本 , 微光创投(吴宵光) , 58同城 , 蓝湖资本 , "
29581,洋钱罐,A轮,2015,11,17,31000,人民币,东城区,北京,金融,https://www.yangqianguan.com/,9,2015,洋钱罐是一家互联网理财平台，致力于帮助有资产管理需求的投资者构建一个安全稳健，透明高效的全球资产配置平台。,"昆仑万维 , "
29634,口碑网,战略投资,2015,11,18,--,人民币,杭州,浙江,本地生活,http://www.koubei.com/,8,2005,口碑网是阿里旗下网站，致力于打造生活服务领域的电子商务第一品牌。网站为消费者提供评论分享、消费指南，是商家发布促销信息，进行口碑营销，实施电子商务的平台。,
29680,中药材天地网,A轮,2013,3,30,100000,人民币,成都,四川,医疗健康,http://www.zyctd.com/,6,2006,中药材天地网是一个主打中药材的专业信息资讯及服务平台，旗下有中药材电子商务交易平台——中药材诚实通，隶属于成都天地网信息科技有限公司。,"中卫基金 , 崇德投资 , "
29682,51订货(我要订货网),B轮,2016,7,8,15000,人民币,南京,江苏,电子商务,http://www.51dh.com.cn,2,2014,51订货(我要订货网)是一个服务城乡消费者的O2O电商平台，提供3C电子、智能硬件领域等渠道服务，江苏蜂云供应链管理有限公司旗下产品。,"顺为基金 , 彬复资本 , 恒毓投资 , 常春藤资本Ivy Capital , 德联资本(联和运通) , "
2969,寺库网,E轮,2015,7,8,5000,美元,朝阳区,北京,电子商务,http://www.secoo.com/,7,2008,寺库网是一家奢侈品电商，旗下设有寺库商城、寺库智能、寺库拍卖和寺库金融四大核心业务板块，为中国高端消费人群提供从奢侈品新品销售、鉴定评估、 售后养护、到奢侈品再流通等全方位的“一站式”奢侈品专业服务。,"中国平安(平安创新投) , 旺家投资 , VANGOO盘古创富 , Ventech China , 贝塔斯曼亚洲投资基金 , IDG资本 , 森合投资/crehol , 华人文化产业基金 , "
300,大姨吗,E轮,2015,10,21,13000,人民币,朝阳区,北京,医疗健康,http://www.dayima.com/,5,2012,大姨吗是一款以经期健康为核心女性健康管理应用，其产品矩阵中包括多款女性健康管理类产品，如好孕妈App、美月优选健康生活类电商平台等。,"隆领投资 , 真格基金 , 联创策源 , 天使湾 , 贝塔斯曼亚洲投资基金 , 汤臣倍健 , 海通开元 , 红杉资本中国 , "
3009,饿了么,F轮-上市前,2016,4,13,125000,美元,闵行区,上海,本地生活,http://ele.me/,9,2008,饿了么是一个外卖订餐平台，旗下拥有订奶茶产品。隶属于上海拉扎斯信息科技有限公司。,"经纬中国 , 阿里巴巴 , 腾讯 , 大众点评网 , 京东 , 中信产业基金 , 滴滴出行-滴滴快的 , 华联股份 , 蚂蚁金服(阿里巴巴) , 华人文化产业基金 , 金沙江创投 , 红杉资本中国 , "
3016,人瑞集团,C轮,2016,3,11,10000,人民币,闸北区,上海,企业服务,http://www.renruihr.com,2,2010,人瑞集团是一个综合的人力资源外包服务商，提供才外包和派遣、招聘、企业内训、员工关系和福利管理、员工绩效管理和呼叫中心业务外包等。,"君联资本 , 基石资本 , Macquarie麦格理 , "
303,GEO集奥聚合,C轮,2014,5,0,--,美元,朝阳区,北京,金融,http://geotmt.com,8,2012,GEO集奥聚合是中国领先的第三方数据整合和场景化应用平台。聚焦互联网营销、金融、汽车、房产、旅游等行业，拥有海量线上、线下数据和行业大数据应用产品，致力于深度挖掘大数据的商业价值，成功为多家金融机构提,"新浪微博(新浪微创投) , 亚信联创 , 金沙江创投 , "
30317,触手TV,C轮,2016,12,30,40000,人民币,杭州,浙江,游戏,http://chushou.tv/,12,2011,触手TV是一个手机游戏直播网站，主播可以直接在触手 TV 上进行移动端的游戏直播，隶属于杭州开迅科技有限公司。,"高原资本中国 , 沸点资本 , 顺为基金 , 熠美投资 , 纪源资本GGV , 启明创投 , "
30576,紫晶通财,D轮,2016,11,2,30000,美元,深圳,广东,金融,http://www.zjtcsm.com/,6,2014,紫晶通财是一家以基金对冲为基础，以普惠金融，促进金融平台、构建现代化金融体系、优化金融服务和产品，,"IDInvest Partners , Atlas Venture , Tiger老虎基金(中国) , "
30612,珍爱网,B轮,2011,9,14,--,美元,深圳,广东,社交网络,http://www.zhenai.com,5,2004,珍爱网是一家婚恋服务网站，以网络征选+人工红娘的婚配服务模式，为城市白领省时省心的成就姻缘。深圳市珍爱网信息技术有限公司旗下网站。,"TPG Growth新桥资本 , "
30624,凤凰金融,A轮,2015,12,12,8000,美元,朝阳区,北京,金融,http://www.fengjr.com/,12,2014,"凤凰金融是凤凰卫视集团旗下、为全球华人打造的智能金融服务平台。凤凰金融联合各类金融机构，深度挖掘优质金融产品，并通过大数据分析系统、量化金融模型
以及智能化算法为用户提供更契合自身需求的动态金融产品组","国科嘉和 , 中信资本 , 东方资产 , "
30766,首汽约车,A轮,2015,12,16,22000,人民币,朝阳区,北京,汽车交通,http://www.01zhuanche.com,9,2015,首汽约车是首汽集团推出的主打中高端市场的移动约租车平台，旗下车辆均为政府许可的”京B”牌照出租营运车辆。,"建投华科 , "
3093,EC营客通(六度人和),C轮,2016,5,30,17000,人民币,广州,广东,企业服务,http://www.workec.com/,12,2008,EC营客通是一款面向营销人群的企业即时通讯软件及CRM服务平台，致力于帮助数百万销售人员利用互联网＋经营客户。深圳市六度人和科技有限公司旗下产品。,"用友幸福投资 , 赛富基金 , 联创永宣 , 腾讯 , "
31091,拼多多,B轮,2016,7,20,11000,美元,长宁区,上海,电子商务,http://www.pinduoduo.com,1,2014,拼多多是一个基于团购的社会化电商平台，用户通过发起和朋友、家人、邻居等的拼团，以更低的价格，拼团购买优质商品。上海寻梦信息技术有限公司旗下产品。,"腾讯 , 新天域资本 , 高榕资本 , "
31139,酒便利,B轮,2016,1,5,40000,人民币,郑州,河南,电子商务,http://www.9bianli.com/,4,2010,酒便利是一家酒水直营连锁及O2O品牌，通过“呼叫中心+专业配送+电商平台+实体店”的模式为用户提供酒水服务，目前已开设连锁门店160余家，2014年开始大力拓展北京市场。,"常春藤资本Ivy Capital , 博观资本 , 联想控股 , "
31495,米多财富,B轮,2016,1,4,9800,人民币,西城区,北京,金融,https://www.miduo.com/,9,2014,米多财富是一家专注在线理财的互联网金融服务平台，通过独立理财顾问（IFA）为中产阶级提供真的财富管理。,"国科嘉和 , 昆吾九鼎投资 , "
3151,金山云,C轮,2016,5,9,5000,美元,海淀区,北京,企业服务,http://www.ksyun.com,2,2012,金山云2012年从金山软件拆分独立，是一家专业的云存储服务提供商，旗下有快盘、云服务平台等，隶属于北京金山云网络技术有限公司。,"金山软件 , IDG资本 , 小米科技 , DST , "
31576,杰睿教育,A轮,2016,1,8,26000,人民币,海淀区,北京,教育,http://www.jerryedu.com,11,2004,杰睿教育成立于2004年，前身是轻松英语，是一家以教辅研发、师资培训、企业培训、公益等业务为一体的集团化公司。,"上海交大产业投资管理集团 , 赛领资本 , "
31667,百世物流(百世汇通),战略投资,2016,9,8,76000,美元,杭州,浙江,物流,http://www.800best.com,4,2008,百世汇通是一家向客户提供综合供应链、快递、快运和软件服务的物流供应链服务提供商。百世物流科技（中国）有限公司旗下产品。,"鸿海集团Foxconn , 阿里巴巴 , 鼎晖投资 , 富士康 , 高盛集团(中国) , 汉能投资 , IDG资本 , 中信产业基金 , 菜鸟网络(阿里巴巴) , 软银中国 , 崇德投资 , 华登国际投资 , "
3171,深圳柔宇科技Royole,D轮,2016,11,3,50000,人民币,深圳,广东,硬件,http://www.royole.com,3,2012,深圳柔宇科技（Royole）致力于从事柔性显示背板技术的研究开发和产业化，产品有智能显示终端产品Royole-X等柔性显示、柔性传感、VR显示及相关智能设备。,"百润央银 , 松禾资本 , 深创投 , IDG资本 , 中信产业基金 , 基石资本 , 源政投资杨向阳 , "
3173,销售易,D轮,2017,1,12,28000,人民币,朝阳区,北京,企业服务,http://www.xiaoshouyi.com,7,2011,销售易是一个CRM销售管理工具及移动CRM客户关系管理系统，帮助销售人员管理从潜在客户、到销售项目跟进、再到业务分析的全流程，仁科互动（北京）信息科技有限公司旗下。,"经纬中国 , 腾讯 , 真格基金 , 云天使基金 , 红杉资本中国 , "
31806,鲁班软件,A轮,2016,1,12,30000,人民币,浦东新区,上海,企业服务,http://www.lubansoft.com,12,2001,鲁班软件是一家主打建筑信息技术领域的科技公司，是专注建造阶段BIM技术项目级、企业级解决方案研发和服务的供应商。,"筑+资本 , 长江会基金 , 稼沃资本 , 晨晖资本 , "
32112,氪空间,A+轮,2016,11,2,20000,人民币,海淀区,北京,房产服务,http://krspace.cn/,4,2014,氪空间是36氪旗下的创业孵化器，目前已经拆分独立运营，业务包含孵化器和联合办公空间。,"水木资本 , 御风投资冯仑 , 戈壁投资 , 普思资本 , ColonyCapital柯罗尼资本 , IDG资本 , 九合创投 , "
32164,明略数据,B轮,2016,8,10,20000,人民币,昌平区,北京,企业服务,http://www.mininglamp.com/,4,2014,明略数据是一家专注于关系挖掘的大数据行业应用解决方案提供商，以自主研发的大数据平台MDP为基础，围绕关系挖掘DataInsight、商业智能Discovery、数据关联分析SCOPA等核心产品，提供一,"天堂硅谷 , 分享投资 , 红杉资本中国 , "
32193,Adagene天演药业,B轮,2016,1,29,20000,人民币,苏州,江苏,医疗健康,http://www.adagene.com/,2,2012,天演药业致力于开发新一代治疗性和诊断用抗体技术的生物制药公司，利用其有自主产权的动态精准抗体技术(DPL)研发行业领先的新药。,"富达Fidelity Investments , 药明康德 , 金浦投资 , 斯道资本(富达亚洲) , "
3230,Solo桌面(赤子城),D轮,2016,10,21,--,人民币,朝阳区,北京,工具软件,http://newborn-town.com,6,2013,Solo桌面是一个主打海外市场的Android手机桌面工具，进而延伸为包括Solo搜索、Solo锁屏、Solo应用锁、Solo推荐、Solo消息等在内的整个Solo系统，赤子城网络技术(北京)有限公司,"梅花天使创投 , 明势资本 , 安芙兰创投 , 海通开元 , "
32566,丰顺路宝,A轮,2016,2,22,4500,美元,朝阳区,北京,汽车交通,http://www.lubaocar.com,6,2011,丰顺路宝是一家主打事故车残值拍卖的公司，为各保险公司提供保险减损解决方案。目前主营拍卖业务包括可修复事故车拍卖、企业二手车拍卖两大板块。,"君联资本 , 盛世投资 , 高桐资本 , "
32876,乐视云,A轮,2016,2,28,100000,人民币,海淀区,北京,企业服务,http://www.lecloud.com,7,2014,乐视云是一家云视频开放平台，提供乐视云盘等服务，乐视旗下云服务业务，2016年拆分独立发展。,"重庆市产业基金 , "
32927,CTG易才集团,D轮,2016,11,28,200000,人民币,朝阳区,北京,企业服务,http://www.ctghr.com/,3,2003,CTG易才集团是一家综合的人力资源外包服务商，为企业提供全国440个城市的社保公积金外包、劳务派遣、福利解决方案等，隶属于北京易才宏业管理顾问有限公司。,"华威国际集团CID , 阳光保险 , 钟鼎创投 , 嘉御基金 , 纪源资本GGV , "
3302,东软熙康网,B轮,2016,8,2,6400,美元,海淀区,北京,医疗健康,http://www.xikang.com/,8,2011,熙康是东软旗下专注于健康管理与服务的独立品牌，提供健康管理服务，隶属于东软熙康健康科技有限公司。,"高盛集团(中国) , 弘毅投资 , 深圳协同创新基金 , 东软集团Neusoft , "
33165,菜鸟网络,A轮,2016,3,14,1000000,人民币,杭州,浙江,物流,https://www.cainiao.com/,5,2013,菜鸟网络是一个大数据物流协同平台，阿里巴巴旗下产品，以数据为核心，通过社会化协同，打通了覆盖跨境、快递、仓配、农村、末端配送的全网物流链路，提供了大数据联通、数据赋能、数据基础产品等。菜鸟网络还打通跨,"Temasek淡马锡 , 春华资本Primavera , GIC新加坡政府投资公司 , "
33223,好租网,B轮,2016,11,15,--,人民币,海淀区,北京,房产服务,http://www.haozu.com,10,2015,好租网是一家商业办公租赁O2O平台，由58赶集独立孵化，提供写字楼、办公室出租服务。北京好租科技发展有限公司旗下产品。,"北极光创投 , 元生资本 , 黑洞投资 , JOY Capital愉悦资本 , 58同城 , "
3335,海豚供应链,B轮,2015,11,3,--,人民币,深圳,广东,电子商务,http://www.haitun.hk,1,2014,海豚供应链是一家主打海淘类产品的供应链贸易公司，致力于为中小海淘企业提供正品海淘货源，解决中小海淘企业的产品采购和代理发货问题。深圳市有棵树科技旗下产品，旗下四大业务板块包括“海豚供应链”(跨境电商进,"汤臣倍健 , 广发信德-广发证券 , 海通开元 , "
33390,慧择网(慧择保险),B+轮,2016,8,3,10000,人民币,深圳,广东,金融,http://www.hzins.com,10,2011,慧择保险是一家第三方保险电子商务平台。可为个人和企业提供包括保险垂直交易、 风险评估、理赔协助等在内的一站式保险综合服务。旗下运营品牌：以个人及家庭为服务对象的慧择网、以企业为服务对象的保运通、 以保,"达晨创投 , 赛富基金 , 万融资本 , 考拉产业基金(拉卡拉) , 创东方投资 , "
335,一起作业网,D轮,2015,2,18,10000,美元,嘉定区,上海,教育,http://www.17zuoye.com,11,2007,一起作业网是一个师生家长互动在线作业平台，专注k12中小学线上教学领域，为老师、学生和家长三方提供有价值的个性化互动教学服务。,"顺为基金 , 真格基金 , Tiger老虎基金(中国) , Temasek淡马锡 , DST , H Capital , "
33537,微赛体育,A轮,2016,3,26,--,人民币,朝阳区,北京,体育运动,http://www.wesai.com/,11,2015,微赛体育是微影时代将体育票务单独分拆独立运营的体育营销发行消费平台，业务覆盖演电影、演出、体育三大领域。,"君联资本 , 时尚传媒 , 腾讯 , 中国文化产业投资基金 , 500彩票网 , 华人文化产业基金 , "
33551,中集电商e栈,A轮,2016,3,25,30000,人民币,深圳,广东,电子商务,http://weibo.com/u/5626223254,12,2014,中集电商是一家智能快递物流箱服务商，主打产品为“e栈”，为电商提供端到端快递交付及信息服务，中集集团旗下控股子公司。,"远致富海 , "
33628,U掌柜,B轮,2016,3,29,3000,美元,嘉兴,浙江,电子商务,http://www.urfresh.cn/,6,2015,U掌柜是一家生鲜食品移动电商，坚持从产地直采水果零食，进口，特产，用不同的供应链模式解决不同属性的商品。浙江佳邻电子商务有限公司旗下产品。,"峰尚资本 , 今日资本 , "
3379,意时网,A轮,2015,1,19,50000,人民币,宝山区,上海,金融,http://www.ins110.com/,9,2011,意时网致力于从事旅行安全和旅行保险产品服务，是一家保险产品B2B分销网络，提供“意时零险”手机应用等，隶属于上海意时网络科技有限公司。,"同创伟业 , 力鼎资本 , 国泰君安 , "
33851,小嘀云智能锁,A轮,2016,4,5,12300,人民币,杭州,浙江,硬件,http://www.dessmann.com.cn/,8,2009,小嘀云智能锁是德施曼旗下智能锁品牌，可通过多种方式实现智能开锁，德施曼旗下已有十款智能锁产品。,
34446,华领医药,C轮,2016,4,22,5000,美元,浦东新区,上海,医疗健康,http://www.huamedicine.com/,6,2011,华领医药是一家药物研发公司，目前的研发领域包括2型糖尿病治疗药物和中枢神经系统紊乱治疗药物。,"Venrock , TF Capital泰福资本 , 药明康德 , 通和资本 , 汇桥资本 , 丰实资本- 嘉实基金 , Arch Venture Partners , 斯道资本(富达亚洲) , "
3491,一下科技(秒拍),E轮,2016,11,19,50000,美元,石景山区,北京,文化娱乐,http://yixia.com/,8,2011,秒拍(前身一下视频/拍客)是一个手机视频拍摄、分享工具，定位为“10秒拍大片”，炫一下（北京）科技有限公司开发，旗下应用还有小咖秀等。,"新浪微博(新浪微创投) , KPCB凯鹏华盈中国 , Star VC , Redpoint Ventures红点全球基金 , 晨兴资本 , 红杉资本中国 , "
35131,平安好医生(平安健康),A轮,2016,5,16,50000,美元,深圳,广东,医疗健康,http://www.jk.cn/,8,2014,平安好医生是一个互联网健康管理平台，以家庭医生与专科医生的在线诊疗服务作为切入口，配合大数据的挖掘、分析及应用，用线上、线下相结合的方式，为客户提供形式多样、内容丰富的个性化医疗及健康管理服务。,"中国平安(平安创新投) , 永柏资本PGA Ventures , IDG资本 , "
35452,360好药,A轮,2016,5,26,10000,人民币,广州,广东,医疗健康,http://www.360haoyao.com/,8,2015,360好药是一个医药电商第三方综合服务平台，隶属于奇虎360公司。,"礼来亚洲基金 , 软银中国 , "
35783,世和基因,B轮,2016,6,12,6000,人民币,南京,江苏,医疗健康,http://www.geneseeq.com/,3,2013,世和基因是一家致力于癌症个体化医疗诊断的生物技术公司，产品有高通量(NGS)全景癌症基因检测、视网膜母细胞瘤检测等。,
35985,摩拜单车,D轮,2017,1,4,20000,美元,海淀区,北京,汽车交通,http://www.mobike.com/,1,2015,摩拜单车是一家互联网短途出行解决方案，是无桩借还车模式的智能硬件，旨在让用户无需办卡，只需下载摩拜单车App完成注册、扫码解锁、支付、还车的全过程服务。,"携程 , 鸿海集团Foxconn , 华住酒店集团 , TPG德太资本 , 腾讯 , 永柏资本PGA Ventures , 祥峰投资Vertex , 创新工场 , 贝塔斯曼亚洲投资基金 , 高瓴资本Hillhouse Capital , JOY Capital愉悦资本 , 华平投资WI Harper Group , 熊猫资本 , 启明创投 , 红杉资本中国 , "
3602,车易拍,E轮,2016,9,5,30000,人民币,海淀区,北京,汽车交通,http://www.cheyipai.com,1,2010,车易拍是一个二手车检测、拍卖交易服务网站，此后扩充到分期购车、汽车金融等服务，北京巅峰科技有限公司旗下网站。,"经纬中国 , 创新工场 , 中信资本 , 汉能投资 , 北汽产业投资基金 , 中信产业基金 , 晨兴资本 , 人人公司 , 红杉资本中国 , "
3612,积木盒子(PINTEC品钛集团),C轮,2015,4,21,8400,美元,朝阳区,北京,金融,https://www.jimu.com/,8,2013,积木盒子是一个为中小企业及个人解决融资、贷款需求的互联网金融平台，提供P2P借贷、微信随身理财助手、积木股票等服务。公司2016年升级为PINTEC品钛集团，旗下拥有读秒、一点基金、积木盒子、企乐汇等,"经纬中国 , 顺为基金 , 祥峰投资Vertex , Ventech China , 小米科技 , 熙金资本Zhong Capital , Investec英国天达集团 , 和玉基金 , 曼图资本Mandra Capital , 海通开元 , "
3625,安美数字,E轮,2016,10,13,5050,人民币,西城区,北京,房产服务,http://www.amttgroup.com/,2,2008,安美数字是一家面向星级酒店的数字服务解决方案提供商和数字内容运营服务商。隶属于安美世纪（北京）科技有限公司。,"松禾资本 , 招商局 , "
3698,美团点评集团(新美大),战略投资,2016,7,18,--,美元,朝阳区,北京,本地生活,http://www.meituan.com/,3,2010,美团网起初是一个团购网站，提供超低折扣的生活消费服务，而后转型为综合生活服务O2O平台，业务包括美团外卖、团购、猫眼等，2015年和大众点评合并后被称为“新美大”。,"华润创业联和基金 , 北极光创投 , 阿里巴巴 , 腾讯 , General Atlantic泛大西洋投资 , 挚信资本 , 高瓴资本Hillhouse Capital , Temasek淡马锡 , DST , Baillie Gifford , 今日资本 , 中金公司 , 华登国际投资 , 安大略省教师退休基金Ontario Teachers , 红杉资本中国 , "
3700,猫眼电影,A轮,2016,4,12,--,人民币,朝阳区,北京,文化娱乐,http://maoyan.com/,2,2013,猫眼电影是一个手机上的电影服务应用，提供查影讯、买电影票、选座位等，隶属于北京三快科技有限公司。,"美团(新美大) , "
3749,小红书,C轮,2016,3,31,10000,美元,徐汇区,上海,电子商务,http://www.xiaohongshu.com,8,2013,小红书是一个主打出境购物攻略的移动应用，为用户推荐不同国家地区退税打折出行信息、各地本土品牌特色商品推荐等，2014年转型重点做跨境电商服务。行吟信息科技(上海)有限公司旗下。,"腾讯 , 真格基金 , 元生资本 , 纪源资本GGV , 金沙江创投 , 天图资本 , "
38,小猪短租网,D轮,2016,11,2,6500,美元,石景山区,北京,房产服务,http://www.xiaozhu.com,8,2012,小猪短租网是一家专业的日租、短租房在线预订网站，而后升级为住宿分享平台，北京快跑信息科技有限公司旗下网站。,"君联资本 , 贝塔斯曼亚洲投资基金 , 中信资本 , JOY Capital愉悦资本 , 今日资本 , 和玉基金 , 晨兴资本 , "
3881,买卖宝,D轮,2015,7,1,--,美元,无锡,江苏,电子商务,http://www.maimaibao.com,12,2006,买卖宝隶属于无锡买卖宝信息技术有限公司，是专注于为5亿草根人群（农民、农民工、乡镇郊区群众、城市底层劳动者）提供电商服务的零售平台商。,"腾讯 , 京东 , 联发科MTK , 红杉资本中国 , "
39,口袋购物,C轮,2014,10,23,35000,美元,朝阳区,北京,电子商务,http://www.koudai.com,5,2011,口袋购物是一款智能的手机购物应用，提供购物分享及导购服务等，旗下有微店—移动电商解决方案等。,"经纬中国 , Falcon Capital , 腾讯 , 成为资本 , 雷军-顺为创业 , Tiger老虎基金(中国) , 华平投资WI Harper Group , 基因资本 , DST , VY Capital , H Capital , "
3906,墨麟科技,C轮,2016,1,20,--,人民币,深圳,广东,游戏,http://www.mokylin.com/,11,2011,墨麟集团是一家专业的数字娱乐内容和游戏研发及发行公司，由深圳墨麒、深圳墨一、成都墨龙、成都墨灵、上海灵娱、上海墨鹍、上海磨叽、武汉鱼之乐、锐游9个子公司组成，陆续推出了《秦美人》《战龙三国》《至尊仙灵,"顺荣三七互娱 , 同创伟业 , 松禾资本 , 君创资本 , 德力股份 , "
3914,剧角映画,D轮,2016,11,18,20000,人民币,朝阳区,北京,文化娱乐,http://www.magilm.com,6,2009,北京剧角映画是一家专注于影视作品的社会化全案营销服务商，目前已逐步形成以“荣誉营销”为基础，以市场和数据为导向，集电影投资、发行、影院经营及娱乐商务营销为一体的全产业链影视集团。目前下辖电影制片公司剧,"同创伟业 , 天星资本 , 奥飞动漫 , 天风证券 , 华谊兄弟 , "
3980,知道创宇,C轮,2015,5,13,60000,人民币,朝阳区,北京,企业服务,http://www.knownsec.com,8,2007,知道创宇是一家网络安全服务商，为客户提供基于云计算及大数据的安全技术标准可视化解决方案，提升客户网络安全监测、预警及防御能力。,"百度公司 , 腾讯 , "
4,唱吧,E轮,2016,1,22,--,人民币,朝阳区,北京,文化娱乐,http://changba.com,5,2012,唱吧是一个手机KTV唱歌娱乐应用。北京最淘科技有限公司旗下产品。,"梅花天使创投 , 蓝驰创投 , 祥峰投资Vertex , 红杉资本中国 , "
40,面包旅行,C轮,2014,12,21,5000,美元,朝阳区,北京,旅游,http://breadtrip.com,5,2012,面包旅行是一款记录你探索世界轨迹，分享旅途中点点滴滴的手机应用。北京道玺优讯科技有限公司旗下产品。,"腾讯 , 祥峰投资Vertex , 险峰长青(险峰华兴) , 宽带资本CBC , 斯道资本(富达亚洲) , "
4028,微贷网,C轮,2016,5,20,100000,人民币,杭州,浙江,金融,http://www.weidai.com.cn,8,2011,微贷网是一家专注于汽车抵押网络P2P借贷平台的服务网站，刚开始主打信用借贷，后来转向动产抵押贷款，并通过线下加盟的方式拓展服务网络。杭州锐拓科技有限公司旗下网站。,"汉鼎股份 , 盛大资本-盛大网络 , 嘉御基金 , 浙商创投 , "
4048,到家美食会,D轮,2014,9,0,5000,美元,朝阳区,北京,本地生活,http://www.daojia.com.cn,4,2010,到家美食会是一家餐厅外卖服务，消费者可以通过“到家美食会”网站、APP、呼叫中心等订餐，并由“到家美食会”的送餐团队配送到家。隶属于北京时尚人家网络科技有限公司。,"鼎晖投资 , 京东 , 清科创投 , Macquarie麦格理 , 晨兴资本 , "
405,食行生鲜,C轮,2016,4,13,24900,人民币,苏州,江苏,电子商务,http://www.34580.com,12,2012,"食行生鲜是一家生鲜宅配电商平台，通过线上预订线下社区冷柜自助提货的商业模式，同时建立小区智能生鲜配送站，为用户提供便捷、新鲜、平价、安全的农副产品。
用户可通过食行官网、自助终端、呼叫中心、App四","上海鼎锋资产 , 协立投资 , 毅达资本 , 天图资本 , "
40843,吴晓波频道巴九灵文化,A轮,2017,1,3,16000,人民币,黄浦区,上海,文化娱乐,http://weibo.com/wuxiaobopd,10,2015,上海巴九灵文化传播是一家专注在“泛财经、泛商业”领域的新媒体，由财经作家吴晓波创办，自媒体公众号矩阵包括：吴晓波频道、冯仑风马牛、秦朔朋友圈、文茜大姐大、十点读书、酒业家、德科地产等等，超过千万优质用,"普华资本(普华固周资本) , 挚信资本 , 头头是道投资基金 , 浙商创投 , "
41258,优速快递,A轮,2016,6,15,30000,人民币,青浦区,上海,物流,http://www.uce.cn,5,2010,优速快递是一家提供全国性快递服务的规模型快递企业，聚焦“大包裹”，主要定位于提供单件3KG-50KG大件包裹，单票不设上限的门到门服务。,"钟鼎创投 , "
41512,皮皮鲁,B轮,2016,10,16,--,人民币,朝阳区,北京,文化娱乐,http://www.pipilu.com/,4,2010,皮皮鲁是一家IP品牌管理公司，围绕皮皮鲁、鲁西西、舒克、贝塔和大灰狼罗克等童话人物及童话故事创立，业务涉及动漫、出版、互联网、教育、影视等多个领域。,"北极光创投 , 正心谷创新资本 , "
416,住百家,新三板,2016,4,22,--,人民币,深圳,广东,旅游,http://www.zhubaijia.com,3,2012,住百家是一个海外中文短租和特色旅游产品预订平台，拥有覆盖全球60多个热门城市及地区的数百万精选房源。深圳市背包客商务旅游咨询服务有限公司旗下，其前身是短租网站Wimdu在亚洲的服务平台。,"海航资本 , 优联资本 , 青骢资本 , AB资本-AB Capital , 中信金石投资 , 联想之星 , "
4225,今目标,B轮,2015,5,7,6000,美元,海淀区,北京,企业服务,http://www.jingoal.com,12,2005,今目标是一个SaaS模式的企业工作平台，为企业和员工提供跨平台的协同办公服务，隶属于北京亿企通信息技术有限公司。,"Tiger老虎基金(中国) , "
42292,一千零一艺,A轮,2016,7,15,10000,人民币,海淀区,北京,房产服务,http://www.art1001.com,8,2015,一千零一艺是一家专注于设计师创业的软装O2O平台，致力于为设计师提供品牌建设、获取订单、设计工具、产品共享、物流安装、售后服务以及金融服务、大数据服务等一站式软装解决方案。,
42598,白山云,B轮,2016,7,25,10000,人民币,贵阳,贵州,企业服务,http://www.baishancloud.com,4,2015,白山云科技率先在中国市场引入云链服务（CCX），其核心是建立数据与数据的连接，为数据的产生、传输、消费和归档提供完整的生命周期服务。云链包括云分发、云存储、云聚合，针对企业数据内容的高速分发、在线存储,"融玺创投 , "
42720,英雄体育,A轮,2016,7,28,64000,人民币,滨海新区,天津,体育运动,,5,2016,英雄体育是一家移动电竞赛事运营商，旗下拥有《皇室战争》官方赛、《球球大作战》官方赛，TGA腾讯移动游戏大奖赛、HPL英雄联赛，《王者荣耀》职业联赛等。,"中信国安集团 , 分众传媒 , "
42886,威马汽车,A轮,2016,8,3,100000,美元,青浦区,上海,汽车交通,http://www.wm-motor.com/,5,2012,威马汽车是一家汽车设计、研发、生产、销售和服务公司，致力于基于中国市场用户需求的新能源智能汽车品牌，可提供车联网及售后服务等。,
429,发网FineEx,C轮,2015,10,30,20000,人民币,宝山区,上海,电子商务,http://www.fineex.com,3,2006,发网是一个专业的电子商务物流外包服务提供商，为电子商务企业及传统企业进入电子商务领域快速建立全国性的物流配送以及仓储管理体系，并提供基于全网营销的电子商务IT系统集成服务。,"浙江传化股份有限公司 , 长江国弘 , 毅达资本 , "
4322,CC视频,B轮,2011,8,0,2000,美元,海淀区,北京,企业服务,http://www.bokecc.com,4,2005,CC视频致力于提供基于云计算的视频整体解决方案，产品有视频云平台、糖豆网等。,"IDG资本 , 思伟投资 , "
4328,爱侣健康,新三板,2016,4,26,5000,人民币,湖州,浙江,电子商务,http://www.eailv.cn/,8,2011,爱侣健康是一家成人用品研发及电商网站，提供成人性用品和情趣用品B2C网站，隶属于浙江爱侣健康科技发展有限公司。,"联创永宣 , 深创投 , "
43551,珠海银隆新能源,战略投资,2016,12,15,300000,人民币,珠海,广东,汽车交通,http://www.zhyle.com,12,2009,银隆新能源是一个专注于新能源产业的高新技术企业，主营业务为锂电池和电动汽车，致力于打造以锂电池、电动汽车动力总成、整车制造、智能电网储能系统的研发、生产、销售、为一体的新能源闭合式循环产业链。,"京东 , 万达集团 , "
4403,玖富咨询9FBank,A轮,2015,4,8,11000,美元,朝阳区,北京,金融,http://www.9fbank.com/,8,2006,北京玖富时代是一家面向个人提供微金融服务的公司，旗下产品有括微信贷(Weloan)、微理财(Welicai)、微现金(Wecash)、云银行、悟空理财等。,"SIG海纳亚洲 , IDG资本 , "
44213,众友健康,战略投资,2016,9,6,50000,人民币,兰州,甘肃,医疗健康,http://www.gszyjk.com,12,2010,众友健康是一家专注于医药健康领域的连锁药店公司，2015年，快速并购整合了陕、甘、宁、青、新30余家连锁药店企业，年营业收入25.6亿元、门店数800多家。,"天士力创投 , "
44471,酷开网络,战略投资,2016,9,13,15000,人民币,深圳,广东,硬件,http://www.coocaa.com,10,2006,酷开是一个互联网智能电视品牌，公司以智能电视操作系统－酷开系统为运营核心，延展出的产品线包括但不限于酷开TV、酷开影棒、酷开电视派、指尖遥控等。创维旗下全资子公司。,"爱奇艺 , "
4460,iReader掌阅科技,A轮,2015,12,31,10000,美元,朝阳区,北京,文化娱乐,http://www.zhangyue.com,9,2008,北京掌中浩阅科技（掌阅）是一家手机应用和软件开发商，主打产品为iReader掌阅书城。,"国金投资 , 奥飞动漫 , "
44811,丹诺医药,B轮,2016,9,23,2500,美元,苏州,江苏,医疗健康,http://www.tennorx.com,1,2013,丹诺医药成立于2013年，是一家专门从事治疗消化道感染的新药研发﹑生产与销售的创新型生物制药企业。,"北极光创投 , 药明康德 , 通和资本 , 元禾控股 , "
4482,多米音乐,新三板,2016,9,5,--,人民币,朝阳区,北京,文化娱乐,http://duomi.com/,5,2010,多米音乐是一家数字音乐服务提供商，目前产品覆盖手机、PC、PAD、互联网HIFI音响、智能电视等多类终端，北京彩云在线技术开发有限公司旗下产品。,"A8音乐 , 磐石资本 , 华谊兄弟 , 光线传媒 , "
44820,再鼎医药,B轮,2016,1,23,10000,美元,浦东新区,上海,医疗健康,http://www.zailaboratory.com/,1,2013,再鼎医药是一家致力于研究、开发和销售创新药物的制药企业，专注于通过与全球顶级医药公司、生物技术公司、临床医生和顶级实验室建立紧密合作关系，丰富产品线。,"尚珹资本 , 启明创投 , 红杉资本中国 , "
4483,UCloud优刻得云计算,C轮,2015,4,9,--,美元,杨浦区,上海,企业服务,http://www.ucloud.cn,3,2012,UCloud云计算隶属于上海优刻得信息科技有限公司，专注于IAAS（基础架构云计算）的产品研发与运营服务。,"君联资本 , 贝塔斯曼亚洲投资基金 , 光信资本 , DCM中国 , "
44840,艾佳生活,A轮,2016,9,25,10000,人民币,南京,江苏,房产服务,http://www.ihomefnt.com/,12,2014,艾佳生活是一家为用户提供一站式装修服务的O2O平台，从毛坯到直接入住，为客户提供全品家装服务，江苏艾佳家居用品有限公司旗下产品。,"达晨创投 , 建业集团-建业地产 , 江苏一德集团 , 正和岛正和磁系资本 , "
4492,微播易,C轮,2015,10,12,32000,人民币,海淀区,北京,广告营销,http://www.weiboyi.com,1,2009,微播易（此前叫微博易）是一家基于微博的社会化媒体和精准营销服务商，隶属于北京讯达网脉科技有限公司。,"经纬中国 , 奇虎360 , 盛大资本-盛大网络 , 梧桐树资本 , Integral雄厚资本 , 中国文化产业投资基金 , 中信金石投资 , 金沙江创投 , "
45029,只楚药业,战略投资,2016,9,30,150000,人民币,烟台,山东,医疗健康,http://www.justaware.com/,9,1990,只楚药业是一家以生产原料、西药制剂、天然药物及生物工程为主的医药企业，经营范围包括小容量注射剂(含激素类)，片剂，胶囊剂(均含头孢菌素类)，颗粒剂，原料药(麦白霉素、乙酰螺旋霉素、水飞蓟宾葡甲胺、硫酸,"福安药业 , "
45129,卖好车,A+轮,2016,10,17,2000,美元,杭州,浙江,汽车交通,http://b.maihaoche.com,8,2014,国内领先的专业汽车流通服务平台。致力于通过“卖好车”线上平台、“好车物联”、“好车金融”等服务来帮助经销商一站式解决车源、钱、流转的问题，通过信息流、资金流、物流效率全面提升的方式，帮助全国汽车经销商,"北极光创投 , 创新工场 , "
4515,e代驾,E轮,2015,10,15,--,美元,朝阳区,北京,汽车交通,http://www.edaijia.cn,1,2012,e代驾是一个基于手机平台的代驾O2O服务平台，隶属于北京亿心宜行汽车技术开发服务有限公司。,"经纬中国 , 光速中国 , 华平投资WI Harper Group , 58同城 , "
45256,共享际,A轮,2016,10,11,40000,人民币,朝阳区,北京,房产服务,http://weibo.com/u/5886045166,12,2015,共享际是一家全新的房地产空间服务品牌，旨在打造新型的“城市空间内容的化学实验室”，将存量资产升级改造为可提供居住、工作场地、健康、休闲、文化、娱乐等立体内容的一站式空间。,"信中利资本 , 华盖资本 , 领势投资 , 金运电气 , 真格基金 , 高榕资本 , 君紫资本 , 盛景网联(盛景嘉成) , 红杉资本中国 , "
454,辣妈帮,D轮,2016,8,5,--,人民币,深圳,广东,电子商务,http://www.lmbang.com,1,2012,辣妈帮是一个女性手机社区，由深圳市网智科技开发有限公司开发，旗下还有辣妈微生活、爱宝宝365等。,"经纬中国 , 唯品会 , 险峰长青(险峰华兴) , 景林投资 , 伙伴创投 , 晨兴资本 , "
4566,乐元素,C轮,2016,5,4,--,人民币,海淀区,北京,游戏,http://www.happyelements.cn/,8,2009,"乐元素是一家社交游戏、移动游戏和网页游戏开发商，拥有十几款原创游戏和多款代理游戏，游戏运营在全球14个主要社交平台和App Store, Google Play等移动平台上。","君联资本 , 华泰瑞麟(华泰证券) , JOY Capital愉悦资本 , DCM中国 , "
4763,App Annie,E轮,2016,1,15,6300,美元,朝阳区,北京,移动互联网,http://www.appannie.com,3,2010,App Annie是一家移动应用数据跟踪、市场分析、APP排名服务商。,"Greenspring Associates , Sequoia Capital(红杉海外) , Greycroft Partners , e.ventures , Institutional Venture Partners , IDG资本 , Infinity Venture Partners , 红杉资本中国 , "
4782,小米科技,E轮,2015,4,27,--,美元,海淀区,北京,硬件,http://www.mi.com,4,2010,小米公司是一家专注于高端智能手机、互联网电视以及智能家居生态链建设的移动互联网公司，产品有小米手机、小米盒子、米聊、MIUI等，隶属于北京小米科技有限责任公司。,"厚朴基金 , 顺为基金 , IDG资本 , Qualcomm Ventures , 全明星投资All-Stars Investment , Temasek淡马锡 , DST , GIC新加坡政府投资公司 , 云锋基金 , 晨兴资本 , 启明创投 , "
4834,生活半径,C轮,2015,8,28,30000,人民币,朝阳区,北京,本地生活,http://www.shbj.com/,9,2010,短距离即时配送服务领域的顺丰！,"广东弘图广电 , 阿里巴巴 , 戈壁投资 , "
4927,走秀网,C轮,2015,5,19,3000,美元,深圳,广东,电子商务,http://www.xiu.com/,3,2008,走秀网是一家时尚类电子商务平台，致力于成为国际品牌进入中国零售市场的桥梁和门户，将全球时尚商品带给众多中国消费者。深圳走秀网络科技有限公司旗下网站。,"KPCB凯鹏华盈中国 , 怡和创投 , 华平投资WI Harper Group , "
49604,北京宝岛妇产医院,A轮,2016,12,26,15000,人民币,海淀区,北京,医疗健康,http://www.baodaohealth.com/,7,2011,北京宝岛妇产医院是一家台资高端妇产医院，提供最专业的产捡、分娩、产后康复及月子会所等高端的医疗服务。,"华盖资本 , "
50544,启德教育,C轮,2016,5,10,--,人民币,深圳,广东,教育,http://www.eic.org.cn,3,2000,启德教育是一个教育平台，专注于为用户提供出国游学、成人语言培训、企业培训、职业规划一站式服务，致力于为中国学子提供咨询培训服务，并引进海外院校资源开展国际合作办学项目。,"复思资本 , 英联资本 , CVC Capital Partners(CVC资本) , 纳兰德投资 , "
51,楚楚街(欢乐淘),C轮,2016,5,5,100000,人民币,海淀区,北京,电子商务,http://www.chuchujie.com,9,2012,楚楚街(前身是欢乐淘)是一个淘宝商品分享及导购平台，每天精选10件衣服、5个包包、5双鞋子等，而后转型做“90后移动电商”平台，北京醋溜网络科技有限公司旗下产品。,"君联资本 , 和君资本 , 腾讯 , 新天域资本 , 钟鼎创投 , 晨光文具 , 纪源资本GGV , 基石资本 , 软银中国 , "
51361,银联商务,战略投资,2016,10,22,200000,人民币,浦东新区,上海,金融,http://www.chinaums.com,1,2002,银联商务是一家专门从事银行卡受理市场建设和提供综合支付服务的机构，致力于改善中国银行卡受理环境和电子支付环境，竭诚为发卡机构、商户、企业和广大持卡人提供优质、高效、安全、规范的综合支付服务。,"光际资本(IDG-光大) , "
5241,瓜子二手车直卖网,A轮,2016,1,31,20450,美元,海淀区,北京,汽车交通,http://www.guazi.com,9,2012,瓜子二手车直卖网前身是赶集好车，是一家主打C2C个人二手车买卖服务的交易平台，该网站此前的产品是“瓜子社区”，是一个基于地理位置的社区网站。2015年11月从58赶集拆分独立发展。,"山行资本 , 风云资本 , 微光创投(吴宵光) , 光信资本 , 红杉资本中国 , "
531,雅座,C轮,2015,6,15,20000,人民币,朝阳区,北京,企业服务,http://www.yazuo.com,4,2006,雅座致力为餐饮企业提供基于CRM的会员营销服务，在无锡建有餐饮数据灾备中心、产品研发中心、客服中心和提供专业管理培训的雅座商学院。,"赛富基金 , 阿里巴巴 , 启迪创投 , "
53300,中影游,天使轮,2016,6,13,10000,人民币,朝阳区,北京,文化娱乐,http://www.cfge.com/,3,2016,中影游是一家影游联动的互动娱乐公司，目前启动了《西游记之混世四猴》、《奇侠》和《十二宫》三部重工业电影制作计划，并同步开启电影同名游戏的研发。,
5352,苏州蜗牛,B轮,2015,1,20,--,人民币,苏州,江苏,游戏,http://www.woniu.com/,10,2000,苏州蜗牛数字科技股份有限公司是一家游戏娱乐公司及3D虚拟数字技术研发企业。产品有《九阴真经》、《帝国文明》、《英雄之城》、《航海世纪》等。,"古玉资本 , "
53523,志鸿物流,B轮,2016,11,9,20000,人民币,广州,广东,物流,http://www.gzzhwl.com,9,2003,志鸿物流是一家公路物流运输解决方案提供商，致力于为厢式货车提供生产资料服务等，为更加精准的车主提供更加优质的服务。,"毅达资本 , "
5355,MorningTec晨之科,D轮,2016,11,21,25000,人民币,闵行区,上海,文化娱乐,http://morningtec.cn/,6,2013,MorningTec(上海晨之科)是一家专注二次元产业的综合文娱公司，旗下拥有二次元玩家社区“咕噜咕噜”、二次元游戏发行平台“咕噜游戏”、线下娱乐演出品牌“夏沐”以及游戏研发工作室、自研技术平台、自有,"海通创意资本 , Unity游戏产业投资基金 , PreAngel , 中文在线 , "
5368,PP租车,C轮,2015,9,16,--,美元,海淀区,北京,汽车交通,http://www.ppzuche.com/,10,2013,PP租车是一个P2P在线租车服务平台，车主可以将爱车的空闲时段出租获得收入；租客则可以按小时低价租用附近的车辆，爱车汇（北京）科技有限责任公司旗下产品。,"Crystal Stream清流资本 , IDG资本 , 明势资本 , 源码资本 , 晨兴资本 , 红杉资本中国 , "
5442,JMGO坚果智能影院,C轮,2016,3,16,60000,人民币,深圳,广东,硬件,http://www.jmgo.com/,1,2011,深圳市火乐科技是一家主打智能投影设备研发及生产的硬件服务商，主打产品包括互动投影终端Hola、智能家庭影院设备坚果G1等。,"达晨创投 , 松禾资本 , Star VC , 金砖资本 , 中金前海发展基金 , 明嘉资本 , IDG资本 , 天奇阿米巴基金 , 时代伯乐 , "
54621,开云汽车PICKMAN,Pre-A轮,2016,12,20,--,人民币,朝阳区,北京,汽车交通,http://weibo.com/kaiyunmotors,1,2009,开云汽车是一家新能源汽车制造商，开发出第一款电动皮卡车PICKMAN，其是一款少有的功能性电动车，切实解决乡镇及农村市场的实际需求。,"华晟资本-华兴资本 , 熊猫资本 , "
54826,巨鼎医疗CLEAR柯丽尔,B+轮,2016,12,23,35100,人民币,深圳,广东,医疗健康,http://www.clearofchina.com/,5,2008,CLEAR柯丽尔是一家医疗自助服务系统与智慧医疗健康解决方案供应商，致力打造以电子健康档案到云端为中心的移动医疗生态圈，隶属于深圳市巨鼎医疗设备有限公司。,"赛富基金 , 新华保险 , "
54842,亚朵酒店,C轮,2016,12,23,10000,美元,闵行区,上海,房产服务,http://www.yaduo.com/,2,2013,亚朵是一家酒店品牌公司，以「阅读」和「人文摄影」为主题的人文精品酒店，旗下包含亚朵酒店，轻居，公寓以及THE DRAMA四大产品线。,"君联资本 , "
5743,美乐乐家具网,C轮,2015,8,21,8402,美元,滨海新区,天津,电子商务,http://www.meilele.com,1,2008,美乐乐家具网是集装修、建材、家居于一体的O2O网站，提供家具家居电商、O2O渠道运营等服务，隶属于天津美维信息技术有限公司。,"真格基金 , 祥峰投资Vertex , 光速中国 , 险峰长青(险峰华兴) , 嘉御基金 , 宜华木业 , KTB投资集团 , "
5750,小站教育,C轮,2015,12,7,8400,美元,静安区,上海,教育,http://www.zhan.com,1,2010,小站教育主要为准备出国的学员提供留学外语考试培训服务，推出的一对一陪护式培训班，采用最先进的互联网线上授课模式，极大的提高了学员学习效率。目前已开设托福、雅思、SAT、ACT、GRE和GMAT一对一在,"顺为基金 , 贝塔斯曼亚洲投资基金 , 麦顿投资 , 嘉御基金 , 纪源资本GGV , 红杉资本中国 , "
5798,杭州同盾科技FraudMetrix,B+轮,2016,4,13,3200,美元,杭州,浙江,金融,http://fraudmetrix.cn/,10,2013,杭州同盾科技（FraudMetrix）是一家金融风险控制和反欺诈服务提供商，通过自主研发的实时风险分析平台，为金融机构提供账号安全、交易安全、支付安全、互联网信贷安全等专业服务。,"华创资本 , 尚珹资本 , 元禾控股 , IDG资本 , 宽带资本CBC , 线性资本LinearVenture , 启明创投 , "
58,有利网,C轮,2015,7,26,4600,美元,朝阳区,北京,金融,http://www.yooli.com,1,2013,有利网是一个互联网理财服务网站，目前主打P2P借贷服务，北京弘合柏基信息科技有限责任公司旗下。,"鼎晟天平投资 , 高瓴资本Hillhouse Capital , 软银中国 , 伙伴创投 , 晨兴资本 , "
58578,雨点金服,B轮,2016,12,28,20000,人民币,浦东新区,上海,金融,http://www.yudianbank.com,6,2015,雨点金服是一家专注为中小微企业和个人提供各类场景下信贷服务的公司，产品包括商业保理业务、融资租赁业务、供应链金融、大数据征信等。上海乐雨信息科技有限公司旗下产品。,
6014,信而富,C轮,2015,7,29,3500,美元,长宁区,上海,金融,http://www.crfchina.com/,7,2005,信而富是一个P2P信用贷款服务网站，专注于国内消费信贷风险管理领域，向消费者提供消费借贷服务。隶属于上海信而富企业管理有限公司。,"瑞银华信 , "
6056,AngelCrunch天使汇,B轮,2015,10,10,4000,美元,海淀区,北京,金融,http://angelcrunch.com,11,2011,AngelCrunch天使汇是一个在线创业投资平台，致力于帮助初创企业迅速找到天使投资，帮助天使投资人发现优质初创项目，北京天使汇金融信息服务有限公司旗下。,"东方弘道(弘合基金) , "
6121,WiWide迈外迪,C轮,2014,12,8,30000,人民币,朝阳区,北京,广告营销,http://www.wiwide.com,9,2007,WiWide迈外迪是一家商用Wi-Fi 网络架构及媒体服务提供商，通过Wi-Fi 无线网络新媒体提供精准网络准营销服务，隶属于上海迈外迪网络科技有限公司。,"腾讯 , 大众点评网 , 景林投资 , 小米科技 , "
6128,汇通达,不明确,2016,6,28,30000,人民币,南京,江苏,电子商务,http://www.htd.cn,1,2008,汇通达是一家专注于为乡镇市场提供家电供应链服务的物流服务公司，此外还为商家提供供应链金融服务，隶属于江苏汇通达供应链管理有限公司。,"招商银行 , 景林投资 , 毅达资本 , "
6129,孩子王,B轮,2012,8,0,5500,美元,南京,江苏,电子商务,http://www.haiziwang.com,1,2009,孩子王是一家母婴孕童零售品牌，通过门店+直购手册+网购三位一体的运营模式，从事婴童商品一站式购物及提供全方位增值服务，隶属于江苏孩子王实业有限公司（五星控股集团旗下）。,"景林投资 , 华平投资WI Harper Group , "
6244,可得眼镜网,C轮,2016,8,2,14600,人民币,普陀区,上海,电子商务,http://www.keede.com,7,2007,可得眼镜网是一个线上线下相结合的眼镜商城，隶属于上海可得光学科技有限公司。,"康恩贝 , "
63,春雨医生,C轮,2014,8,19,5000,美元,海淀区,北京,医疗健康,http://www.chunyuyisheng.com,7,2011,春雨医生(春雨掌上医生)是一个移动医疗健康应用，提供用户自诊、健康咨询、医患互动交流服务。北京春雨天下软件有限公司旗下产品。,"蓝驰创投 , 贝塔斯曼亚洲投资基金 , Temasek淡马锡 , 中金公司 , 如山投资 , "
632,Noitom诺亦腾,B轮,2015,11,15,2000,美元,西城区,北京,硬件,http://www.noitom.com,12,2012,北京诺亦腾科技致力于动作姿态捕捉系统的研发，给用户提供全天候的动作姿态数字化平台，产品有trueMotion、mySwing挥杆宝等。,"君联资本 , 奥飞动漫 , 海通开元 , "
6420,VANCL凡客诚品,F轮-上市前,2014,2,None,10000,美元,东城区,北京,电子商务,http://www.vancl.com,6,2007,VANCL凡客诚品是一家互联网快时尚品牌和B2C电商，产品覆盖男装、女装、童装、鞋、家居、配饰、化妆品等，凡客诚品（北京）科技有限公司旗下。,"和通国际 , 赛富基金 , 联创策源 , 雷军-顺为创业 , IDG资本 , 中信产业基金 , Tiger老虎基金(中国) , Temasek淡马锡 , 启明创投 , "
6440,深圳岂凡网络,B轮,2015,2,13,14300,人民币,深圳,广东,游戏,http://www.qifun.com,5,2013,深圳岂凡网络有限公司是一家网页游戏、手机游戏研发和运营服务商，旗下有深圳岂凡、广州岂凡、上海岂凡、成都岂凡4家公司，产品有网页游戏《女武神》等。,"顺荣三七互娱 , 基石资本 , "
6454,团贷网(光影侠),C轮,2016,6,3,37500,人民币,东莞,广东,金融,http://www.tuandai.com/,8,2011,团贷网是一家P2P网络借贷服务平台，此外还推出了房产众筹“房宝宝”、社交众保金融模式的金融服务，东莞团贷网互联网科技服务有限公司旗下网站（光影侠旗下全资子公司）。,"久奕投资 , 昆吾九鼎投资 , 巨人网络(巨人创投) , "
6469,八爪鱼在线旅游,B轮,2016,8,23,17000,人民币,苏州,江苏,旅游,http://www.8trip.cn,12,2011,八爪鱼在线旅游是一家在线旅游综合分销平台，提供国内短线、国内长线、出境旅游、自由行、机票预定、租车、门票等全线旅游产品的在线同业分销平台，八爪鱼在线旅游发展有限公司旗下。,"嘉御基金 , 软银中国 , 腾邦国际 , "
650,七牛云,D轮,2016,1,26,10000,美元,浦东新区,上海,企业服务,http://www.qiniu.com,8,2011,七牛云是国内领先的企业级公有云服务商，致力于打造以数据为核心的场景化的PaaS云服务。核心产品包括对象存储服务、融合CDN管理、数据处理以及直播服务。作为助力互联网的创新加速引擎，七牛云深入了解互联网,"澳洲电讯Telstra , 经纬中国 , 丰实资本- 嘉实基金 , 宽带资本CBC , 启明创投 , "
6664,爱点击iClick,D轮,2014,12,18,6000,美元,东区,香港,广告营销,http://www.i-click.asia,1,2009,爱点击iClick是一家在线广告需求方平台(Buy-side Platform)，为广告主计划、投放及优化多渠道广告投放，包括︰搜索推广、展示广告、社交媒体及移动终端。,"合众资本 , 贝塔斯曼亚洲投资基金 , 蓝色光标 , 住友商事亚洲资本 , "
6952,8天在线,C轮,2016,8,24,--,人民币,南京,江苏,本地生活,http://www.8dol.com/,5,2013,8天在线是一家校园电子商务，主营方便速食、进口食品、饮料饮品、休闲食品和水果等商品，及学生生活用品、办公用品等，提供学生五星级的速流和送货上门的优质服务。,"六翼投资 , 顺为基金 , 复星昆仲 , 苏宁 , "
6957,Ninebot纳恩博,A轮,2015,4,15,8000,美元,海淀区,北京,硬件,http://www.ninebot.com/,9,2013,Ninebot纳恩博（此前叫风行者）是一个自平衡车及短途代步工具，由纳恩博(天津)科技有限公司开发者，提供集生产、销售、服务于一体的智能代步设备运营服务。,"顺为基金 , 中路资本 , 华山资本WestSummit Capital , 乾祥海泉投资(胡海泉) , 小米科技 , 英特尔投资Intel Capital , 红杉资本中国 , "
6979,付融宝,B轮,2015,10,22,35000,人民币,南京,江苏,金融,http://www.frbao.com,11,2013,付融宝是一家为中小企业和个人提供借贷服务的金融网站，隶属于江苏宝贝金融信息服务有限公司。,"浙商创投 , 中技控股 , 软银中国 , "
6990,星环科技TransWarp,B轮,2016,3,1,15500,人民币,徐汇区,上海,企业服务,http://www.transwarp.io/,6,2013,星环科技是一家大数据技术公司，致力于提供大数据基础软件，产品有高于开源Hadoop版本10x~100x倍性能提升的数据分析平台Transwarp Data Hub等。,"深创投 , 瑞力投资 , 方广资本 , 基石资本 , 信雅达 , 启明创投 , "
70,婚礼纪,B+轮,2016,3,29,3000,美元,杭州,浙江,本地生活,http://www.marrymemo.com,3,2013,婚礼纪是一款关于结婚、婚庆的移动应用，为用户提供婚礼相关的摄影等周边服务，杭州火烧云科技有限公司旗下产品。,"经纬中国 , 祥峰投资Vertex , 青松基金 , 复星昆仲 , "
7017,无锡华云数据,C轮,2015,7,20,10000,美元,无锡,江苏,企业服务,http://www.chinac.com,1,2010,华云数据是一家从事公用云计算基础设施运营的公司，主要为用户提供云服务器和云CDN解决方案等。,"SIG海纳亚洲 , 海通开元 , 英特尔投资Intel Capital , "
703,Everstring万维思源,B轮,2015,10,14,6500,美元,海淀区,北京,企业服务,http://everstring.com,1,2012,EverString是一家关注B2B Marketing领域并提供大数据服务和企业智能解决方案的SaaS公司。通过数据科学家的建模，帮助客户从CRM系统和海量数据中寻找潜在客户，并提供一站式解决方案，,"华岩资本ChinaRock , Lakestar , Sequoia Capital(红杉海外) , IDG Venture (海外) , 真格基金 , Lightspeed Venture Partners美国光速 , IDG资本 , 丹华资本Danhua Capital , 红杉资本中国 , "
7089,墨迹天气,C轮,2013,11,0,--,人民币,朝阳区,北京,移动互联网,http://moji.com,3,2010,墨迹天气是一款免费手机天气预报查询软件，其特点是预报准确、覆盖城市广、流量少、界面华丽。墨迹风云（北京）软件科技发展有限公司旗下产品。,"盛大资本-盛大网络 , 阿里巴巴 , 创新工场 , 险峰长青(险峰华兴) , "
7239,汇通天下G7,C轮,2016,4,5,4500,美元,海淀区,北京,电子商务,http://huoyunren.com/,1,2009,汇通天下专注于为公路运输及配送提供信息服务。主要产品是iPS智能互联信息管理平台，其中包括针对大型物流企业的“GREAT系统”，针对中小物流企业的“货运人GPS”，以及社交型网站“货运人网” 、货运互,"腾讯 , 钟鼎创投 , Temasek淡马锡 , "
725,厦门神州鹰,C轮,2016,11,14,20000,人民币,厦门,福建,教育,http://www.szy.cn/,1,2011,厦门神州鹰软件科技有限公司是一家专注音视频压缩技术研发的高科技企业，通过压缩算法及完善的平台软件提供安防业解决方案，主打产品“掌通家园”家园共育管理平台，提供帮家长随时通过手机查看孩子在幼儿园的实时情,"信中利资本 , 和通国际 , 天星资本 , 首泰金信(首泰投资) , 真格基金 , Qualcomm Ventures , 新东方 , "
7279,273二手车-车友网络,C轮,2015,7,15,16500,人民币,福州,福建,汽车交通,http://www.273.cn/,9,2003,273二手车交易网是一个专业的二手车连锁交易平台及网站，旗下有“车况宝”专业二手车检测系统、“拍车宝”二手车拍卖服务等，隶属于福州车友网络科技有限公司。,"创新工场 , IDG资本 , 金固股份 , 58同城 , 晨兴资本 , "
733,航班管家,C轮,2016,3,23,93300,人民币,海淀区,北京,旅游,http://www.133.cn,3,2009,航班管家是一款航班信息、机票预订及导购手机应用，北京市活力天汇科技旗下。,"经纬中国 , 凯撒旅游 , 民航股权投资基金 , 红杉资本中国 , "
7415,微盟,C轮,2015,11,9,50000,人民币,宝山区,上海,广告营销,http://www.weimob.com/,5,2013,微盟是一家专门针对微信公众账号提供营销推广服务的第三方平台，主要功能是针对微信商家公众号提供与众不同的、有针对性的营销推广服务。上海晖硕信息科技有限公司旗下产品。,"华映资本 , 腾讯 , 海航资本 , 金字火腿 , 825新媒体产业基金 , "
7484,同程旅游,战略投资,2016,10,9,100000,人民币,苏州,江苏,旅游,http://www.tongcheng.com,1,2004,同程旅游是一家支持B2B和B2C模式的在线旅游电商网站，隶属于苏州同程网络科技股份有限公司。,"携程 , 腾讯 , 中信资本 , 元禾控股 , 万达集团 , "
7526,魅力惠,C轮,2015,7,8,10000,美元,黄浦区,上海,电子商务,http://www.mei.com/,6,2010,魅力惠是一个会员邀请制的在线购物社区，每天都会推出一个或多个以某品牌为主题，乐趣横生的限时抢购活动。活动中销售的商品价格仅为其市场价格的3至7折。魅惠所贸易（上海）有限公司旗下网站。,"阿里巴巴 , 三井物产环球投资 , "
7528,车风网,B轮,2015,7,15,50000,人民币,虹口区,上海,汽车交通,http://www.ichefeng.com,10,2013,车风网是一个汽车行业电商平台，通过精选各品牌最优秀的不超过20%的4S店合作，为用户提供专业、透明、高效的购买服务和体验。上海车瑞信息科技有限公司旗下网站。,
765,杭州安存网络,A+轮,2016,10,31,20000,人民币,杭州,浙江,企业服务,http://www.ancun.com,9,2008,杭州安存网络是一家电子数据存证服务商，致力于解决电子商务、互联网金融等领域电子数据留存、保管、提取、交易及固定证据等服务，旗下产品有智融网、安存语录、公正邮等。,"苹果天使APU , 浙江富润股份 , 浙创投 , 华睿投资 , 易一天使 , "
7767,盒子鱼英语,B+轮,2016,11,16,--,美元,海淀区,北京,教育,http://boxfish.cn/,1,2010,盒子鱼英语是一家主打整套iPad英语培训体系的教学机构，致力于提供移动平台的英语学习服务，改进传统英语学习，提供生动趣味的课程。北京盒子鱼教育科技有限公司旗下产品。,"创新工场 , 汉能投资 , "
7821,Molbase摩贝网,C轮,2016,3,17,--,美元,浦东新区,上海,电子商务,http://www.molbase.com,3,2011,Molbase摩贝网是一个化学品采购搜索引擎，提供在线化学品数据信息、化学品目录、产品供应商和采购商对接服务等。上海摩库数据技术有限公司旗下网站。,"VANGOO盘古创富 , 创新工场 , 挚信资本 , 复星昆仲 , 德沃基金 , 红杉资本中国 , "
7826,猎聘网,D轮,2016,6,28,--,美元,朝阳区,北京,企业服务,http://www.liepin.com,10,2006,猎聘网是一个主打中高端人才、猎头服务的招聘求职网站，万仕道（北京）管理咨询有限公司旗下。,"经纬中国 , 钜派投资 , 天时开元 , 天弘基金 , 信达汉石 , 华泰瑞麟(华泰证券) , 中国移动(中移创新产业基金) , 千合资本 , 华平投资WI Harper Group , 58同城 , "
7887,途虎养车网,D轮,2016,7,13,10000,人民币,闵行区,上海,汽车交通,http://tuhu.cn,1,2011,途虎养车网是一个主打汽车后服务、养车类B2C电商平台，主营 轮胎、机油、汽车保养、汽车美容等，途虎目前有1200 多家合作安装门店，服务能力覆盖19个省、266个城市 ，并在主要城市自建物流车队，提供,"君联资本 , 原子创投 , 亚夏汽车 , 高瓴资本Hillhouse Capital , 景林投资 , 远东宏信远翼投资 , JOY Capital愉悦资本 , 海通开元 , 启明创投 , "
7927,瑞卡租车,B轮,2012,11,None,10000,美元,广州,广东,汽车交通,http://www.reocar.com,10,2009,瑞卡租车是一个O2O模式的租车服务商，主打“租车便利店”概念，经营短租、自驾租车业务，瑞致（广州）租车有限公司旗下产品。,"斯道资本(富达亚洲) , 红杉资本中国 , "
7994,EasyStack易捷思达,C轮,2017,1,11,5000,美元,海淀区,北京,企业服务,http://www.easystack.cn,9,2013,EasyStack是一家OpenStack云解决方案和服务提供商，基于OpenStack为企业用户提供开放、稳定、可靠、可扩展的弹性云计算平台。北京易捷思达科技发展有限公司旗下产品。,"国科嘉和 , 蓝驰创投 , 盈动资本 , 如山投资 , "
8,找钢网,E轮,2016,1,15,110000,人民币,虹口区,上海,电子商务,http://www.zhaogang.com,5,2012,找钢网是一个钢材现货资源信息分享平台，为买家提供找货交易服务。旗下还有胖猫物流、钢铁超市、胖猫白条、找铝网等，上海钢富电子商务有限公司旗下。,"经纬中国 , 真格基金 , 中泰证劵(齐鲁证券) , 京西创投(首钢基金) , 雄牛资本百富勤 , 险峰长青(险峰华兴) , IDG资本 , 云启资本 , 和玉基金 , 红杉资本中国 , "
807,天天果园,D轮,2016,8,8,10000,人民币,浦东新区,上海,电子商务,http://www.fruitday.com,6,2010,天天果园是一家主打全球进口鲜果产品及服务的电子商务服务商，上海天天鲜果电子商务有限公司旗下网站。,"上海浦软创投 , 上海国际创投SIGVC , SIG海纳亚洲 , 京东 , ClearVue锴明投资 , "
81,优信拍-优信二手车,C轮,2015,3,18,17000,美元,海淀区,北京,汽车交通,http://www.youxinpai.com,8,2011,优信拍是专业提供二手车电子化竞价拍卖服务的供应商，核心业务是二手车网络拍卖平台，集竞价拍卖、车辆检测、安全支付、物流运输及售后服务代办为一体。,"君联资本 , Coatue Management , 百度公司 , 腾讯 , 贝塔斯曼亚洲投资基金 , Tiger老虎基金(中国) , 华平投资WI Harper Group , DCM中国 , "
8109,银豆网-债权交易网,C轮,2016,4,20,--,人民币,海淀区,北京,金融,https://www.yindou.com,9,2013,债权交易网（而后更名为银豆网）致力于为投资者提供真实、可靠的个人或企业债权信息与信息披露，帮助投资者通过购买债权的方式，完成直接投资于优质个人或企业的理财规划。北京东方财蕴信息科技有限公司旗下。,"中国恒天(恒天资产) , 德沃基金 , 联想之星 , "
8133,一亩田网络,C轮,2015,7,31,--,美元,海淀区,北京,电子商务,http://www.ymt360.com/,8,2011,一亩田是一家主打农业的B2B信息服务及交易撮合网站，提供农产品价格数据、供应和采购对接服务、农诚通和诚信供应商等业务等，隶属于北京一人一亩田网络科技有限公司。,"光信资本 , 红杉资本中国 , "
8166,永洪科技,C轮,2016,7,23,20000,人民币,海淀区,北京,企业服务,http://www.yonghongtech.com,2,2012,永洪科技是一家大数据服务和BI商业智能分析服务商，专业从事数据治理和数据价值发掘，旗下产品有Yonghong Z-Suite等。隶属于北京永洪商智科技有限公司。,"经纬中国 , 腾讯 , 元生资本 , 艾瑞资本(艾瑞) , 达泰资本 , 东方富海 , "
818,咕咚网,C轮,2016,5,31,5000,美元,成都,四川,医疗健康,http://www.codoon.com,10,2009,咕咚是一个软硬件结合的运动健康服务商，通过咕咚手环、APP等监测用户运动睡眠等，并在云端建立个人健康档案。成都乐动信息科技公司旗下产品。,"SIG海纳亚洲 , 盛大资本-盛大网络 , 深创投 , 分众方源体育基金 , 中信资本 , 软银中国 , "
8401,又拍云UPYUN,B轮,2015,12,30,10000,人民币,杭州,浙江,企业服务,https://www.upyun.com,6,2005,又拍云为用户提供一站式的数据托管服务，包括数据云存储、云处理、CDN加速和云安全四大功能，有效的帮助用户节省从产品想法到产品上线运营全过程的时间成本，从而加快企业创新创业的整体速度。,"KPCB凯鹏华盈中国 , 鼎晖投资 , 阿米巴资本 , 险峰长青(险峰华兴) , 盈动资本 , 涌金集团 , 松树资本 , 如山投资 , "
8424,AcFun弹幕视频网(A站),B轮,2016,11,21,25000,人民币,广州,广东,文化娱乐,http://www.acfun.tv,6,2007,AcFun弹幕视频网(A站)是一个网络弹幕视频平台，提供动漫、游戏、体育、娱乐等视频和文字内容，隶属于广州弹幕网络科技有限公司。,"华策影视 , 奥飞动漫 , 软银中国 , 优酷土豆-合一集团 , 中文在线 , "
843,51Talk无忧英语,IPO上市,2016,6,10,4560,美元,海淀区,北京,教育,http://www.51talk.com,7,2011,51Talk是一家主打真人外教一对一、平价、一节课最低15元的英语网络学校，北京大生知行科技有限公司旗下产品。,"顺为基金 , 真格基金 , 华兴资本 , 欢聚时代(YY多玩) , DCM中国 , "
8488,投哪网,B轮,2015,4,29,15000,人民币,深圳,广东,金融,http://touna.cn,5,2012,投哪网是一家P2P借贷模式的金融服务网站，对接有资金需求的借款者和有闲散资金的投资者，深圳投哪金融服务有限公司旗下（母公司为深圳旺金金融信息服务有限公司）。,"广发信德-广发证券 , "
849,途家网,E轮,2016,6,22,--,美元,朝阳区,北京,旅游,http://www.tujia.com,12,2011,途家网是一个高品质服务公寓预订平台，提供旅游地度假公寓的在线搜索、查询和交易服务。途家在线信息技术(北京)有限公司旗下产品。,"HomeAway , 携程 , 鼎晖投资 , 光速中国 , 纪源资本GGV , 雅诗阁Ascott , 全明星投资All-Stars Investment , 宽带资本CBC , 58同城 , 启明创投 , "
8543,易鑫资本(易鑫金融),B轮,2016,8,2,55000,美元,海淀区,北京,汽车交通,http://chedai.bitauto.com/,1,2015,易鑫资本(易鑫金融)前身是易车旗下的汽车金融事业部，2015年拆分独立发展，旗下业务包括新车贷款、汽车保险、车主贷款等。,"百度公司 , 腾讯 , 京东 , 易车网 , "
8705,中商惠民网,B轮,2016,9,4,130000,人民币,朝阳区,北京,电子商务,http://www.huimin.cn,10,2013,惠民网是一个主打社区电子商务的服务网站，为居民社区、商业社区和大学社区提供“社区超市”网站。中商惠民（北京）电子商务有限公司旗下产品。,"达晨创投 , 人众资本 , 中合担保 , 西部优势资本(西部证券) , 同系资本 , 中信产业基金 , 浙商创投 , 复星昆仲 , 聚腾时尚产业基金 , 洪泰基金 , "
8811,VIPKID大米科技,战略投资,2016,8,23,--,美元,海淀区,北京,教育,http://vipkid.com.cn,10,2013,VIPKID是一个少儿英语学习及教育品牌，主打个性化美国小学课程一对一在线辅导服务，隶属于北京大米科技有限公司。,"经纬中国 , Bryant Stibel , 北极光创投 , 真格基金 , 创新工场 , 云锋基金 , 红杉资本中国 , "
8840,慧科教育,C轮,2016,10,26,--,人民币,海淀区,北京,教育,http://www.uniquedu.com,8,2010,慧科教育是一家专注于前沿科技领域的综合教育解决方案提供者，致力于移动互联网、云计算、大数据、互联网营销等前沿科技领域的软件开发、交互设计及项目管理等人才培养，旗下有高校在线教育一站式解决方案提供商“高,"文化长城 , 复星昆仲 , 千合资本 , "
8940,MemBlaze忆恒创源科技,C轮,2015,12,21,--,美元,海淀区,北京,硬件,http://www.memblaze.com,3,2011,忆恒科技（MemBlaze）是一家面向企业的高性能固态存储产品及解决方案服务商，产品包括PCIExpressFlash存储卡等，隶属于北京忆恒创源科技有限公司。,"腾讯 , 贝塔斯曼亚洲投资基金 , 英飞尼迪Infinity , 通用技术 , Qualcomm Ventures , "
8960,悠游堂Yuyuto,战略投资,2016,2,25,--,人民币,徐汇区,上海,教育,http://www.yuyuto.com,5,2010,悠游堂（Yuyuto）是一家以儿童为中心的家庭娱乐消费平台，旗下业务包括：儿童游乐场、儿童仿真冰场、高档母婴用品专卖店等。,"同创伟业 , 达晨创投 , 重山资本 , 盈峰资本 , 长青资本 , TCL创投 , 正和岛正和磁系资本 , 早鸟基金 , 广发信德-广发证券 , "
901,Testin云测网络,C轮,2016,8,24,3000,美元,朝阳区,北京,企业服务,http://www.testin.cn,9,2011,Testin云测网络是一家移动互联网真机云测服务商，产品有iTestin、mTestin、QTestin，提供基于真实终端，跨地区真实移动网络的移动应用开发测试、自动原型测试、自动适配测试和应用程序运,"高榕资本 , IDG资本 , 海银资本 , "
9017,九次方大数据信息集团有限公司,C轮,2016,10,18,--,人民币,海淀区,北京,金融,http://www.jusfoun.com,1,2010,九次方大数据信息集团（JUSFOUN BIG DATA) 是中国第一家提出数据资产运营的大数据公司，同时也是贵阳大数据交易所的创始股东。目前已经设计研发完成了4000多个政府大数据应用场景，在国内尚属,"信中利资本 , 德同资本 , IDG资本 , 博信资本 , 键桥通讯 , "
9023,邮乐网,A轮,2014,2,0,11000,美元,浦东新区,上海,电子商务,http://www.ule.com,10,2009,邮乐网由中国邮政与香港TOM集团合资成立，是一家主打O2O模式的电子商务平台,
9055,神魔之塔Mad Head,A轮,2014,3,0,7000,美元,沙田区,香港,游戏,http://www.madheadapp.com/,1,2013,Mad Head Limited 是一家来自香港的手机游戏开发商，产品有《神魔之塔》（Tower of Saviors）等。,"Forgame云游控股 , "
9126,豆瓣,C轮,2011,8,None,5000,美元,朝阳区,北京,社交网络,http://www.douban.com,3,2005,豆瓣网站是一个主打电影、音乐、读书、电台等的社交网络，隶属于北京豆网科技有限公司。,"联创策源 , 贝塔斯曼亚洲投资基金 , 挚信资本 , 红杉资本中国 , "
934,纷享逍客(纷享销客),E轮,2016,7,20,7000,美元,东城区,北京,企业服务,http://www.fxiaoke.com,6,2013,纷享逍客(纷享销客)是一个综合移动办公平台，起初是主打移动销售管理的SaaS工具，支持销售外勤管理、销售过程管理、轻量级CRM、销售协同支持等。北京易动纷享科技有限责任公司旗下产品。,"北极光创投 , 骊悦投资 , 高瓴资本Hillhouse Capital , 华软投资 , IDG资本 , 中信产业基金 , DCM中国 , "
9372,理财范,C轮,2016,3,24,33000,人民币,海淀区,北京,金融,http://www.licaifan.com/,1,2014,理财范是一家为中小企业提供P2B模式的投资贷款和理财网站，为中小企业提供迅捷、低成本的直接融资渠道。北京网融天下金融信息服务有限公司旗下。,"易孚泽投资-林广茂 , 熙金资本Zhong Capital , 和玉基金 , "
9459,轻轻家教,C轮,2015,6,26,10000,美元,广州,广东,教育,http://www.changingedu.com/,1,2014,轻轻家教是一个手机上的家教与学生对接平台，基于P2P模式提供找家教、找学生服务，广州轻轻教育科技有限公司旗下产品。,"挚信资本 , IDG资本 , 好未来(学而思) , 红杉资本中国 , "
960,雪球财经,C轮,2014,9,0,4000,美元,海淀区,北京,金融,http://www.snowballfinance.com/,5,2010,雪球财经是一家互联网金融信息服务公司，旗下拥有投资类社交产品「雪球」、服务中国美股投资者的资讯门户「i美股」。 雪球财经还发布反映中国概念股整体市场状况的中国概念股指数。,"明势资本 , 薛蛮子 , 晨兴资本 , 人人公司 , 红杉资本中国 , "
9653,宝库在线(宝库科技),B轮,2015,8,25,--,美元,朝阳区,北京,企业服务,http://www.baoku.com,12,2007,宝库在线是一家为企业提供智能差旅解决方案的服务供应商，通过管理软件、便捷的Web端和移动端应用，为企业提供差旅费用及流程管理工具、供应链管理工具、差旅交易平台、支付平台、清算中心、数据归集及分析、行政,"经纬中国 , 亚信联创 , 宽带资本CBC , "
9786,东方融资网,A轮,2015,7,20,20000,人民币,苏州,江苏,金融,http://www.rongzi.com,11,2010,东方融资网是一家为中小企业提供在线融资贷款解决方案的公司，为企业和各类借贷公司、担保公司提供对接桥梁，隶属于苏州东方盛世投资管理有限公司。,"景林投资 , 汉理资本 , "
9835,草根投资网,B轮,2016,6,6,100000,人民币,杭州,浙江,金融,https://www.cgtz.com/,10,2013,草根投资网是一家债权B2C网站，为有理财需求的个人用户提供安全、有担保的理财项目，核心业务为线上债权转让及销售：线下目前只支持房产抵押、车辆质押及抵押，拒绝任何类型信用贷款，出借人形成债权后再委托平台,"顺为基金 , "
9839,瑞尔齿科,C轮,2014,4,None,7000,美元,朝阳区,北京,医疗健康,http://www.arrail-dental.com,4,1999,瑞尔齿科是一家口腔诊所、口腔医院连锁机构。,"KPCB凯鹏华盈中国 , 德福资本GL Captal , 新天域资本 , 普思资本 , 启明创投 , "
9844,猪八戒网,C轮,2015,6,15,260000,人民币,渝北区,重庆,企业服务,http://www.zhubajie.com/,12,2005,猪八戒网是一个威客、众包服务网站，隶属于重庆猪八戒网络有限公司。,"IDG资本 , Cybernaut赛伯乐投资 , "
9935,惠开车i保养,Pre-A轮,2016,7,19,10000,人民币,朝阳区,北京,汽车交通,http://www.huikaiche.net/,1,2014,惠开车是一个车联网产品和车载电脑，支持一览车辆每次行程数据、爱车健康度随时知晓、智能看车安全卫士等等，此后转型重点做i保养，提供汽车后O2O服务，北京赛德斯汽车信息技术有限公司旗下产品。,"领沨资本 , "
9986,Wecash闪银奇异科技,B轮,2015,3,3,2000,美元,朝阳区,北京,金融,http://www.wecash.net,1,2014,Wecash闪银是一个提供信用决策的大数据服务评估商，可以进行身份识别，并结合个人社交行为及信息，对个人信用进行在线评分。 基于强大的数据点基础，我们在数秒内完成信用决策，并在15分钟内撮合投资方，大,"SIG海纳亚洲 , IDG资本 , "
